Symbol,Name,Last,Change,%Chg,Open,High,Low,Volume,Time
AAL,American Airlines Gp,15.66,-0.23,-1.45%,16.04,16.04,15.53,31048900,12/24/20
AAON,Aaon Inc,65.48,0.27,0.41%,65.56,65.79,65.02,38700,12/24/20
AAPL,Apple Inc,131.97,1.01,0.77%,131.32,133.46,131.1,54930000,12/24/20
AAWW,Atlas Air Ww,56.14,0.39,0.70%,56.01,56.77,55.75,86400,12/24/20
AXON,Axon Inc,130.75,-1.08,-0.82%,132,132.46,129.31,187400,12/24/20
ABCB,Ameris Bancorp,37.48,-0.05,-0.13%,37.63,37.63,36.8,97000,12/24/20
ABMD,Abiomed Inc,303.41,-0.64,-0.21%,304.45,306.08,300.58,65700,12/24/20
ACAD,Acadia Pharmaceutica,55.01,-0.08,-0.15%,55.56,55.8,54.94,251400,12/24/20
ACCD,Accolade Inc,52.42,-2.61,-4.74%,55.36,56.97,51.65,197700,12/24/20
ACET,Adicet Bio Inc,14.35,0.04,0.28%,14.02,14.44,13.92,13500,12/24/20
ACGL,Arch Capital Grp Ltd,34.86,-0.22,-0.63%,35.09,35.09,34.45,604600,12/24/20
ACHC,Acadia Healthcr Company,49.27,0.29,0.59%,49.38,49.38,48.51,113000,12/24/20
ACIA,Acacia Communica,72.16,0.04,0.06%,72.05,72.22,72.02,173500,12/24/20
ACIW,Aci Worldwide Inc,38.53,0.52,1.37%,38.29,38.65,38.12,155100,12/24/20
ACMR,Acm Research Inc,69.67,-0.26,-0.37%,70.3,70.39,67.5,120900,12/24/20
ACRS,Aclaris Therapts,7.61,0.03,0.40%,7.59,7.7,7,586000,12/24/20
ACRX,Acelrx Pharmaceutica,1.27,-0.04,-3.05%,1.35,1.36,1.26,1075700,12/24/20
ADBE,Adobe Systems Inc,499.86,2.95,0.59%,499.16,503.01,497.28,589100,12/24/20
ADI,Analog Devices,144.47,1.25,0.87%,144.11,144.48,143.01,466300,12/24/20
ADP,Automatic Data Procs,176.56,1.37,0.78%,176.12,176.57,174.93,371500,12/24/20
ADPT,Adaptive Biotechnologies Corp,62.53,-2.94,-4.49%,65.39,65.39,61.5,364300,12/24/20
ADSK,Autodesk Inc,301.39,1.21,0.40%,300.4,302.76,298.77,323000,12/24/20
ADUS,Addus Homecare Corp,115.24,0.23,0.20%,115.81,116.31,114.08,37800,12/24/20
ADVM,Adverum Biotechnlgs,12.28,-0.21,-1.68%,12.52,12.89,12.23,306900,12/24/20
AEGN,Aegion Corp,19.25,0.33,1.74%,19.04,19.27,18.87,37600,12/24/20
AEIS,Advanced Energy,98.9,1.72,1.77%,98.68,98.93,97.11,111800,12/24/20
AEP,American Electric Power Company,81.42,0.71,0.88%,80.84,81.58,80.41,758000,12/24/20
AFIN,American Finance Trust Inc Cl A,7.69,0.09,1.18%,7.68,7.73,7.49,194100,12/24/20
AFYA,Afya Ltd Cl A,25.45,0.97,3.96%,25.06,25.96,24.24,190100,12/24/20
AGFS,Agrofresh Solutions,2.37,-0.02,-0.84%,2.37,2.38,2.29,40100,12/24/20
AGIO,Agios Pharmaceuticals,45.15,1.34,3.06%,44.31,45.64,43.84,363700,12/24/20
AGNC,American Capital Age,15.57,-0.1,-0.64%,15.75,15.76,15.48,3246900,12/24/20
AHCO,Adapthealth Corp Cl. A,37.93,-0.23,-0.60%,38.92,38.97,37.56,194900,12/24/20
AIMC,Altra Indtl Mtn,55.11,-0.17,-0.31%,55.76,55.76,54.49,63200,12/24/20
AKAM,Akamai Technologies,107.46,0.4,0.37%,108.6,108.6,106.43,410300,12/24/20
AKRO,Akero Therapeutics Inc,26.07,0.02,0.08%,26.23,26.49,25.76,93100,12/24/20
ALEC,Alector Inc,15.34,-1,-6.12%,16.32,16.57,15.3,209200,12/24/20
ALGM,Allegro Microsystems Inc,24.79,-0.02,-0.08%,25.8,25.8,24.65,402800,12/24/20
ALGN,Align Technology,528.03,3.03,0.58%,528.14,529.21,521.13,163600,12/24/20
ALGT,Allegiant Travel Com,179.23,-0.16,-0.09%,181.06,181.62,178.08,69400,12/24/20
ALKS,Alkermes Plc,21.46,0.2,0.94%,21.24,21.57,21.16,908100,12/24/20
ALLK,Allakos Inc,151.53,2.1,1.41%,151.23,155.36,150.49,76200,12/24/20
ALLO,Allogene Therapeutics Inc,27.33,-0.56,-2.01%,27.81,28.33,26.96,358100,12/24/20
ALNY,Alnylam Pharmaceuticals,137.56,-1.06,-0.76%,138.62,140.11,136.8,150900,12/24/20
ALRM,Alarm.com,98.88,-2.05,-2.03%,102.04,102.1,97.75,193400,12/24/20
ALRN,Aileron Therapeutics Inc,1.13,-0.03,-2.59%,1.25,1.25,1.11,2850600,12/24/20
ALTA,Altabancorp,27.66,0.15,0.55%,27.5,27.67,26.84,10800,12/24/20
ALTM,Altus Midstream Company,48.07,-0.34,-0.70%,49.09,49.09,46.98,13300,12/24/20
ALTR,Altair Engineering Inc Cl A,59.21,0.02,0.03%,59.55,59.94,58.75,82300,12/24/20
ALVR,Allovir Inc,40.46,-6.22,-13.32%,46.23,46.44,40.11,116800,12/24/20
ALXN,Alexion Pharm Inc,152.63,-0.61,-0.40%,153.54,153.61,151.99,1083800,12/24/20
ALXO,Alx Oncology Holdings Inc,88.64,-1.89,-2.09%,91.03,93.91,88.09,30100,12/24/20
AMAT,Applied Materials,85.33,1.3,1.55%,84.74,85.39,84.2,1409100,12/24/20
AMBA,Ambarella Inc,92.57,-0.79,-0.85%,93.84,93.84,92.03,127500,12/24/20
AMD,Adv Micro Devices,91.81,0.26,0.28%,91.8,92.51,91.31,16705900,12/24/20
AMED,Amedisys Inc,292.35,2.51,0.87%,298.54,298.54,289.01,50400,12/24/20
AMGN,Amgen Inc,222.93,-0.01,0.00%,223.24,224.58,222.29,955400,12/24/20
AMKR,Amkor Technology,14.99,-0.05,-0.33%,15.17,15.24,14.97,387300,12/24/20
AMPH,Amphastar Pharma,19.14,0.26,1.38%,18.96,19.35,18.96,100200,12/24/20
AMRN,Amarin Corp Ads,5.01,-0.12,-2.34%,5.1,5.17,4.97,2928200,12/24/20
AMSF,Amerisafe Inc,57.22,-0.37,-0.64%,58.88,58.88,57.14,36600,12/24/20
AMTI,Applied Molecular Transport Inc,33.9,0.06,0.18%,34.11,34.99,33.32,28700,12/24/20
AMWD,Amer Woodmark Cp,95.42,2.24,2.40%,93.35,95.57,92.73,34800,12/24/20
AMZN,Amazon.com Inc,3172.69,-12.58,-0.39%,3193.9,3202,3169,1451900,12/24/20
ANAT,Amer Natl Insurance,93.46,-0.5,-0.53%,93.83,94,93,10000,12/24/20
ANSS,Ansys Inc,364.17,1.95,0.54%,362.76,366.33,361.13,209300,12/24/20
APA,Apache Corp,14.43,-0.35,-2.37%,14.79,14.8,14.26,3763200,12/24/20
APHA,Aphria Inc,7.13,-0.29,-3.91%,7.42,7.44,7.07,4777600,12/24/20
APLS,Apellis Pharmaceuticals Inc,55.44,-0.1,-0.18%,56.8,56.8,55.05,135600,12/24/20
APPF,Appfolio Cl A,180.61,-1.81,-0.99%,183.16,184.33,178.43,48500,12/24/20
APPN,Appian Corp Cl A,157.98,0.67,0.43%,157,161.56,156.54,415100,12/24/20
APPS,Digital Turbine,58.58,1.72,3.02%,57.97,59.22,57.01,1580100,12/24/20
ARCB,Arcbest Corp,43.29,-0.28,-0.64%,43.63,43.65,43.06,43900,12/24/20
ARCE,Arco Platform Ltd Cl A,36.66,0.38,1.05%,36.35,36.9,35.84,77800,12/24/20
ARCT,Arcturus Therapeutics Ltd,98.13,-3.53,-3.47%,101.9,103.55,98,424400,12/24/20
ARGX,Argenx Se Ads,299.49,-4.85,-1.59%,305.55,308.16,298.07,23600,12/24/20
ARLP,Alliance Resource Pt,4.51,-0.12,-2.59%,4.6,4.62,4.41,293200,12/24/20
ARNA,Arena Pharmaceuticals,78.08,0.72,0.93%,77.24,78.36,76.84,199900,12/24/20
ARRY,Array Technologies Inc,44.18,-0.92,-2.04%,44,45.15,43.54,1311900,12/24/20
ARVN,Arvinas Inc,82.22,2.48,3.11%,79.78,83.2,79.52,418100,12/24/20
ARWR,Arrowhead Pharma,84.19,-1.18,-1.38%,84.92,86.75,83.62,313100,12/24/20
ASML,Asml Hld NY Reg,483.09,8.47,1.78%,478.95,484.6,477.08,271900,12/24/20
ASND,Ascendis Pharma Ads,170.94,-2.06,-1.19%,174.74,174.81,169.13,24800,12/24/20
ASRT,Assertio Therapeutics Inc,0.386,0.011,2.93%,0.3941,0.41,0.351,11248700,12/24/20
ASTE,Astec Inds Inc,58.63,0.65,1.12%,58.02,59.14,58.02,36600,12/24/20
ATNI,Atn International,44.5,0.42,0.95%,44.08,44.82,43.92,14300,12/24/20
ATNX,Athenex Inc,11.63,0.06,0.52%,11.7,11.97,11.6,336500,12/24/20
ATRA,Atara Biotherap,22.18,-0.28,-1.25%,22.75,23.09,22.14,547900,12/24/20
ATRC,Atricure Inc,57.55,0.18,0.31%,57.44,57.88,56.65,204700,12/24/20
ATRI,Atrion Corp,630.01,2.01,0.32%,633.36,645.48,623.77,4500,12/24/20
ATSG,Air Transport,31.23,0.16,0.51%,31.05,31.33,30.89,88900,12/24/20
ATVI,Activision Blizzard,90.96,0.75,0.83%,90.3,91.22,90.28,2269100,12/24/20
AUB,Atlantic Union Bancshares Corp,32.9,0.18,0.55%,33.09,33.09,32.49,119100,12/24/20
AUPH,Aurinia Pharm Ord,14.18,0.74,5.51%,13.62,14.5,13.56,3581300,12/24/20
AVAV,Aerovironment Inc,88.97,-0.99,-1.10%,90.82,91.77,88.7,40900,12/24/20
AVGO,Broadcom Ltd,431.46,6,1.41%,428.49,432,427.57,412200,12/24/20
AVIR,Atea Pharmaceuticals Inc,34.48,-0.1,-0.29%,34.31,35.34,33.88,66300,12/24/20
AVRO,Avrobio Inc,14.68,-0.36,-2.39%,15,15.45,14.55,101300,12/24/20
AVT,Avnet Inc,34.47,-0.39,-1.12%,34.8,34.93,34.2,472500,12/24/20
AXNX,Axonics Modulation Technologies Inc,47.78,-0.22,-0.46%,48.23,49.55,47.25,195500,12/24/20
AXSM,Axsome Thera,84.91,0.42,0.50%,85.29,86.01,84.15,149800,12/24/20
AY,Atlantica Yield Plc,40.81,-0.05,-0.12%,40.85,41,40.27,422200,12/24/20
AZN,Astrazeneca Plc,48.52,-0.25,-0.51%,48.9,48.9,48.17,4931600,12/24/20
AZPN,Aspen Technology,130.51,-0.57,-0.43%,131.21,131.94,128.52,152800,12/24/20
BAND,Bandwidth Inc,174.06,-2.01,-1.14%,176.07,180.09,172.95,137300,12/24/20
BANF,Bancfirst Corp,58.13,-0.14,-0.24%,58.88,58.88,57.69,26700,12/24/20
BANR,Banner Corp,45.63,0.26,0.57%,45.69,45.73,44.92,60600,12/24/20
BATRK,Liberty Braves CS C,24.9,-0.13,-0.52%,25.08,25.32,24.86,22900,12/24/20
BBBY,Bed Bath & Beyond,18.6,-0.28,-1.48%,18.82,18.97,18.27,2426100,12/24/20
BBIO,Bridgebio Pharma Inc,69.5,0.41,0.59%,69.58,70.56,68.51,302700,12/24/20
BCPC,Balchem Cp,113.65,0.53,0.47%,112.77,113.65,112.23,30700,12/24/20
BDGE,Bridge Bancorp Inc,24.48,0.01,0.04%,24.48,24.57,24.14,42500,12/24/20
BDTX,Black Diamond Therapeutics Inc,33.72,-0.07,-0.21%,33.8,34.87,33.61,42900,12/24/20
BEAM,Beam Therapeutics Inc,87.84,-2.81,-3.10%,91,91.57,85.82,308500,12/24/20
BEAT,Biotelemetry Inc,72,0.06,0.08%,71.97,72.09,71.92,265600,12/24/20
BECN,Beacon Roofing Suppl,40.5,0.37,0.92%,40.09,40.63,39.89,108300,12/24/20
BGNE,Beigene Ltd Ads,263.72,-0.14,-0.05%,263.04,266.8,259.57,77900,12/24/20
BHF,Brighthouse Financial Inc,35.44,0.01,0.03%,35.58,35.59,35.08,151400,12/24/20
BIDU,Baidu Inc,191.02,-2.34,-1.21%,189.75,192.88,189,2978800,12/24/20
BIGC,Bigcommerce Holdings Inc,72.82,0.28,0.39%,72.91,74.78,71.58,1721600,12/24/20
BIIB,Biogen Inc,248.89,-2.31,-0.92%,250.27,251.2,247.51,459400,12/24/20
BILI,Bilibili Inc ADR,82.01,-0.77,-0.93%,81.71,83.23,78.6,3531600,12/24/20
BKEP,Blueknight Energy LP,2.1,-0.08,-3.83%,2.13,2.16,2.05,192400,12/24/20
BKNG,Booking Holdings Inc,2088.35,-12.5,-0.59%,2119,2119,2081,182500,12/24/20
BL,Blackline Inc,137.83,0.41,0.30%,137.9,138.66,135.8,150600,12/24/20
BLCM,Bellicum Pharma Comm,3.8,0.07,1.88%,3.78,3.84,3.52,695100,12/24/20
BLDP,Ballard Power Sys,23.45,-0.03,-0.13%,23.58,23.86,22.51,3824400,12/24/20
BLDR,Builders Firstsource,42.27,0.71,1.71%,41.6,42.28,41.36,716700,12/24/20
BLI,Berkeley Lights Inc,103.38,-0.07,-0.07%,103.14,108.02,101.76,157400,12/24/20
BLKB,Blackbaud Inc,58.88,-0.34,-0.57%,59.32,59.33,58.52,135500,12/24/20
BLMN,Bloomin' Brands Inc,18.95,0.04,0.21%,18.95,19.21,18.68,455500,12/24/20
BLUE,Bluebird Bio,45.54,-0.47,-1.02%,46.06,46.35,44.94,296600,12/24/20
BMCH,Bmc Stock Holdings,55.41,1.02,1.88%,54.4,55.48,54.35,327300,12/24/20
BMRN,Biomarin Pharmaceuticals,88.66,0.36,0.41%,88.44,89.1,88.13,463600,12/24/20
BNTX,Biontech Se ADR,96.96,-3.1,-3.10%,98.5,99.89,96.64,1039100,12/24/20
BOKF,Bok Financial Corp,68.69,-0.76,-1.09%,69.48,69.96,68.41,73100,12/24/20
BPFH,Boston Pvt Finl Hld,8.23,-0.17,-2.02%,8.36,8.4,8.15,278100,12/24/20
BPMC,Blueprint Medicines Corp,123,-1.48,-1.19%,124.49,125.61,122.54,83900,12/24/20
BPOP,Popular Inc,56.03,-0.56,-0.99%,56.59,56.59,55.31,128400,12/24/20
BPY,Brookfield Property Partners L,15.05,0.11,0.74%,14.98,15.05,14.82,556700,12/24/20
BRID,Bridgford Foods Cp,18.53,-0.26,-1.38%,18.9,18.9,18.53,400,12/24/20
BRKL,Brookline Bancorp,11.79,-0.04,-0.34%,11.88,11.88,11.65,171700,12/24/20
BRKR,Bruker Corp,54.33,0.31,0.57%,54.18,54.5,53.89,105800,12/24/20
BRKS,Brooks Automation,74.56,1.34,1.83%,73.1,75.26,73.1,125600,12/24/20
BSY,Bentley Systems Incorporated Cl B,38.48,-1,-2.53%,39.53,39.9,37.71,69700,12/24/20
BTAI,Bioxcel Therapeutics Inc,52.83,-1.18,-2.18%,53.32,54.91,52.4,171100,12/24/20
BUSE,First Busey Corp,21.42,0.03,0.14%,21.4,21.47,21.09,76700,12/24/20
BYND,Beyond Meat Inc,136.59,-3.33,-2.38%,139.59,140.4,135.06,1969700,12/24/20
BZUN,Baozun Inc Ads,32.01,-2.54,-7.35%,33.51,33.81,31.4,2160500,12/24/20
CAC,Camden Natl Cp,35.32,-0.14,-0.39%,35.69,35.71,34.96,10200,12/24/20
CACC,Credit Acceptance,329,-10,-2.95%,340.23,340.23,327.55,49000,12/24/20
CAKE,Cheesecake Fact,37.21,-0.28,-0.75%,37.36,37.83,36.72,372100,12/24/20
CALM,Cal-Maine Foods IN,37.36,-0.42,-1.11%,37.78,37.87,37.04,137200,12/24/20
CAR,Avis Budget Group,36.9,0.38,1.04%,36.71,37,35.35,651600,12/24/20
CARG,Cargurus Inc Cl A,33.69,0.42,1.26%,33.61,33.87,33.46,292300,12/24/20
CASH,Meta Financial Group,36.66,-0.16,-0.43%,36.9,36.9,36.1,62600,12/24/20
CASS,Cass Information Sys,38.08,0.2,0.53%,38.22,38.28,37.66,43900,12/24/20
CASY,Casey's General Stor,177.72,0.42,0.24%,178.1,178.88,176.7,75800,12/24/20
CATY,Cathay Genl Bncp,31.5,-0.04,-0.13%,31.61,31.61,30.98,132500,12/24/20
CBPO,China Biologic Produ,117.87,0.04,0.03%,118,118.33,117.85,28700,12/24/20
CBRL,Cracker Barrel,135.05,-0.65,-0.48%,136.63,136.97,132.82,225000,12/24/20
CBSH,Commerce Bancshares,66.38,-0.25,-0.38%,66.93,67,65.34,251700,12/24/20
CCLP,CSI Compressco,1.1045,-0.0455,-3.96%,1.1595,1.16,1.1,42000,12/24/20
CCMP,Cabot Microelectron,143.83,3.62,2.58%,141.59,144.23,140.6,72800,12/24/20
CCOI,Cogent Comm Hlds,59.56,1.04,1.78%,58.86,59.7,58.06,359100,12/24/20
CCXI,Chemocentryx Inc,60.55,-1.42,-2.29%,62.99,64.1,60.12,186800,12/24/20
CDK,Cdk Global Inc,51.28,0.39,0.77%,51.27,51.38,50.53,136300,12/24/20
CDLX,Cardlytics Inc,143.02,-1.71,-1.18%,146.09,147.54,142.3,138800,12/24/20
CDNA,Caredx Inc,76.23,-0.2,-0.26%,76.84,78.3,74.83,235800,12/24/20
CDNS,Cadence Design Sys,134,0.94,0.71%,133.49,134.62,132.63,377200,12/24/20
CDW,CDW Corp,129.23,-0.62,-0.48%,130.46,130.53,128.25,392900,12/24/20
CELH,Celsius Holdings Inc,44.15,1.15,2.67%,43,44.49,42.9,811800,12/24/20
CENTA,Central Garden & Pet,34.85,-0.08,-0.23%,35.25,35.49,34.49,87300,12/24/20
CERN,Cerner Corp,78.41,0.72,0.93%,78.4,78.46,77.62,432000,12/24/20
CERS,Cerus Corp,8.07,-0.1,-1.22%,8.36,8.53,8.06,919900,12/24/20
CFFN,Capitol Fed Finl Inc,12.38,0.02,0.16%,12.37,12.38,12.26,193400,12/24/20
CG,The Carlyle Group,31.36,-0.02,-0.06%,31.36,31.61,31,351100,12/24/20
CGNX,Cognex Cp,80.73,-1.19,-1.45%,82.09,82.2,79.62,319400,12/24/20
CHCO,City Holding Company,69.52,0.74,1.08%,69.27,69.55,68.44,24200,12/24/20
CHDN,Churchill Downs IN,206.91,0.17,0.08%,206.53,208.68,203.44,215900,12/24/20
CHKP,Check Point Software,134.75,-0.13,-0.10%,135.17,135.69,134,246700,12/24/20
CHNG,Change Healthcare Inc,18.49,0.07,0.38%,18.41,18.49,18.2,439000,12/24/20
CHRS,Coherus Bio,17.35,0.27,1.58%,17.11,17.5,17.11,293900,12/24/20
CHRW,C.H. Robinson Ww,94.66,0.87,0.93%,94.72,95,93.92,405800,12/24/20
CHTR,Charter Communicatio,656.49,9.05,1.40%,646.6,657.33,646.6,1127300,12/24/20
CIGI,Colliers Intl Grp IN,90.52,0.65,0.72%,89.5,90.76,89,8800,12/24/20
CINF,Cincinnati Financial,85.23,-0.48,-0.56%,85.72,86.22,84.21,226400,12/24/20
CMCO,Columbus Mckinnon,39.57,-0.1,-0.25%,39.9,40.36,39.48,13600,12/24/20
CMCSA,Comcast Corp A,50.38,0.35,0.69%,50.2,50.44,50.08,3875300,12/24/20
CME,CME Group Inc,178.48,-1.86,-1.03%,177.83,178.85,177.15,466000,12/24/20
CMPR,Cimpress N.V. Ord,86.63,0.06,0.07%,87.08,87.37,86.14,24200,12/24/20
CNOB,Connectone Bancorp,19.58,0.02,0.10%,19.56,19.64,19.21,30900,12/24/20
CNSL,Consolidated Communications Holdings Inc,4.95,0.09,1.85%,4.84,5,4.83,180800,12/24/20
CNST,Constellation Pharmaceuticals Inc,33.47,-0.49,-1.44%,34.27,34.8,33.36,216600,12/24/20
CNXN,PC Connection Inc,44.27,-0.34,-0.76%,44.68,44.99,44.03,22000,12/24/20
COHR,Coherent Inc,149.47,-0.41,-0.27%,150.4,152.55,149.16,71900,12/24/20
COKE,Coca Cola Bot Cons,266,-3.02,-1.12%,268,268,264.72,4600,12/24/20
COLB,Columbia Banking Sys,34.71,0.08,0.23%,34.92,34.92,34.16,62700,12/24/20
COLM,Columbia Sprtswr,90.15,-0.33,-0.36%,90.99,90.99,89.21,115300,12/24/20
COMM,Commscope Holding Company,13.11,-0.07,-0.53%,13.34,13.43,13.01,830400,12/24/20
CONE,Cyrusone Inc,72.75,-0.14,-0.19%,73.02,73.65,72.02,280300,12/24/20
COOP,Mr.Cooper Group Inc,30.6,-0.35,-1.13%,31.03,31.12,30.45,284900,12/24/20
CORE,Core Mark Holding,30.1,-0.02,-0.07%,30.11,30.18,29.69,49000,12/24/20
CORT,Corcept Therapeutics,27.19,-0.11,-0.40%,27.43,27.78,27.01,380700,12/24/20
COST,Costco Wholesale,364.58,2.69,0.74%,361.41,365.33,361.41,972500,12/24/20
COUP,Coupa Software Inc,356.74,4.58,1.30%,356.09,362.43,354.3,376000,12/24/20
CPRT,Copart Inc,123.71,0.36,0.29%,123.56,124.04,122.7,291300,12/24/20
CREE,Cree Inc,103.1,-1.73,-1.65%,105.09,105.23,102.71,316000,12/24/20
CRNC,Cerence Inc,105.06,-3.09,-2.86%,109.6,110.16,104.85,298700,12/24/20
CRON,Cronos Group Inc,7.48,-0.2,-2.60%,7.72,7.73,7.45,1537900,12/24/20
CROX,Crocs Inc,62.69,-1.9,-2.94%,65.01,65.01,62.28,492000,12/24/20
CRSP,Crispr Therapeutics Ag,168.5,-4.73,-2.73%,177.5,177.5,166.93,1353100,12/24/20
CRSR,Corsair Gaming Inc,36.35,-2.48,-6.39%,39.2,39.24,36.11,1810700,12/24/20
CRTO,Criteo S.A. Ads,20.8,-0.12,-0.57%,20.88,20.96,20.24,329800,12/24/20
CRTX,Cortexyme Inc,29,-0.5,-1.69%,29.65,29.95,28.75,95400,12/24/20
CRUS,Cirrus Logic Inc,80.96,-0.48,-0.59%,82.03,82.03,80.64,161600,12/24/20
CRVL,Corvel Cp,104.11,-1.9,-1.79%,106.34,106.86,103.08,14400,12/24/20
CRWD,Crowdstrike Holdings Inc,221.12,-2.38,-1.06%,223.5,227.36,219.28,2407200,12/24/20
CSCO,Cisco Systems Inc,44.54,0.17,0.37%,44.45,44.59,44.23,5720500,12/24/20
CSGP,Costar Group Inc,906.63,-1.12,-0.12%,908.01,916.01,903.09,43100,12/24/20
CSGS,C S G Sys Intl,45.18,0.34,0.76%,45.15,45.91,44.94,66000,12/24/20
CSII,Cardiovascular Syst,44.09,0.63,1.45%,43.84,44.16,43.53,72600,12/24/20
CSIQ,Canadian Solar Inc,52.71,-0.22,-0.42%,52.68,54.5,50.7,1332600,12/24/20
CSOD,Cornerstone Ondemand,45.62,-0.09,-0.20%,46.06,46.06,45.41,87700,12/24/20
CSTE,Caesarstone Sdot-Yam,10.96,0.07,0.64%,10.91,11.29,10.66,302900,12/24/20
CSX,CSX Corp,90.05,0.38,0.42%,89.79,90.22,89.15,876300,12/24/20
CTAS,Cintas Corp,338.4,-1.02,-0.30%,341.11,342.25,336.4,185500,12/24/20
CTBI,Community TR Bancp,37.07,0.09,0.24%,36.85,37.07,36.5,20300,12/24/20
CTRE,Caretrust REIT Inc,22.33,-0.09,-0.40%,22.42,22.63,22.27,367800,12/24/20
CTSH,Cognizant Tech Sol,81.07,0.08,0.10%,81.35,81.35,80.6,1036900,12/24/20
CTXS,Citrix Systems Inc,132.57,0.8,0.61%,132.4,133.12,131.14,431800,12/24/20
CVAC,Curevac N.V.,101.73,0.59,0.58%,102.81,103.71,100,145100,12/24/20
CVBF,Cvb Financial Corp,19.63,0.09,0.46%,19.5,19.63,19.29,224200,12/24/20
CVCO,Cavco Inds Inc,181.45,1.23,0.68%,181.18,182.01,179.77,17900,12/24/20
CVET,Covetrus Inc,31.59,0.1,0.33%,31.58,31.93,31.18,183800,12/24/20
CVGW,Calavo Growers Inc,69.3,-1.95,-2.74%,71.35,71.35,68.74,70300,12/24/20
CVLT,Commvault Systems,57.2,0.72,1.27%,56.84,57.28,56.38,142600,12/24/20
CWST,Casella Waste Sys,61.57,-0.09,-0.15%,61.66,61.74,60.95,92700,12/24/20
CYBR,Cyberark Soft Ord,161.17,-0.26,-0.16%,161.2,163.65,159.01,235100,12/24/20
CYCN,Cyclerion Therapeutics Inc,3.12,-0.06,-1.89%,3.21,3.21,3.06,101200,12/24/20
CYRX,Cryoport Inc,45.75,-2.99,-6.13%,48.26,48.9,45.4,360500,12/24/20
CYTK,Cytokinetics,20.94,-0.04,-0.19%,21.1,21.65,20.93,307200,12/24/20
CZR,Caesars Entertainment Inc,75.84,-0.84,-1.10%,76.23,77.2,75.31,685400,12/24/20
DBX,Dropbox Inc,24.65,0.04,0.16%,24.89,24.89,24.4,2652800,12/24/20
DCPH,Deciphera Pharmaceuticals Inc,58.88,-0.21,-0.36%,59.16,60.21,58.69,91600,12/24/20
DCT,Duck Creek Technologies Inc,43.77,0.64,1.48%,43.35,45.5,43.25,303500,12/24/20
DDOG,Datadog Inc Cl A,106.28,-1.16,-1.08%,107.04,109.85,106.11,785600,12/24/20
DHC,Diversified Healthcare Trust,4.16,-0.05,-1.19%,4.2,4.28,4.14,613500,12/24/20
DHIL,Diamond Hill Inv,153,-0.1,-0.07%,152.33,153,151.29,11700,12/24/20
DIOD,Diodes Inc,68.37,0.3,0.44%,68.26,68.47,67.54,66800,12/24/20
DISCA,Discovery Comm A,28.57,0.31,1.10%,28.29,28.73,27.97,3471600,12/24/20
DISCK,Discovery Comm Inc,25.14,0.29,1.17%,24.9,25.23,24.59,600700,12/24/20
DISH,Dish Network Corp,31.06,0.09,0.29%,31.02,31.08,30.49,1730200,12/24/20
DKNG,Draftkings Inc,52.11,-1.78,-3.30%,54,54.49,51.95,6275200,12/24/20
DLTR,Dollar Tree Inc,109.03,1.41,1.31%,107.88,109.04,107.49,651800,12/24/20
DNLI,Denali Therapeutics Inc,85.87,-2.2,-2.50%,87.58,89.34,85.45,130900,12/24/20
DOCU,Docusign Inc,244.93,0.88,0.36%,245,250.3,243.5,1024400,12/24/20
DOMO,Domo Inc Cl B,67.26,-2.17,-3.13%,69.62,69.7,66.78,249900,12/24/20
DOOO,Brp Inc,65.97,0.26,0.40%,66,66.18,65.66,11600,12/24/20
DORM,Dorman Products Inc,89.56,1.75,1.99%,88.25,89.89,88.06,41200,12/24/20
DOX,Amdocs Ltd Ord,69.67,0.35,0.50%,69.77,69.79,69.39,200100,12/24/20
DRNA,Dicerna Pharmaceutic,23.43,0.28,1.21%,23.31,23.98,23.04,196600,12/24/20
DSGX,Descartes Sys Group,59.7,0.81,1.38%,59.34,59.7,58.88,40800,12/24/20
DXCM,Dexcom,355.02,-0.97,-0.27%,356.54,358.28,351.72,282400,12/24/20
EA,Electronic Arts Inc,141.81,0.3,0.21%,141.32,142.2,140.78,688100,12/24/20
EBAY,Ebay Inc,50.12,-1.01,-1.98%,51.23,51.24,49.94,2718500,12/24/20
EBC,Eastern Bankshares Inc,16.8,0.12,0.72%,16.53,16.85,16.53,775000,12/24/20
EBSB,Meridian Bncp,14.73,-0.08,-0.54%,14.83,14.96,14.59,34000,12/24/20
EBTC,Enterprise Bancorp,25.27,-0.07,-0.28%,25.33,25.33,25.27,1200,12/24/20
ECOL,US Ecology Inc,36.12,-0.03,-0.08%,36.24,36.42,35.99,39800,12/24/20
ECOR,Electrocore Inc,1.61,0,0.00%,1.6,1.63,1.5904,200700,12/24/20
ECPG,Encore Capital Group,37.78,0.23,0.61%,37.9,37.9,37.36,118100,12/24/20
EDIT,Editas Medicine,83.53,1.93,2.37%,82.12,87.89,80.59,1487100,12/24/20
EEFT,Euronet Worldwide,142.95,2.12,1.51%,141.05,143.13,140.16,72400,12/24/20
EFSC,Enterprises Finl Svc,35.15,-0.02,-0.06%,35.22,35.69,34.69,68200,12/24/20
EGBN,Eagle Bancorp Inc,40.97,0.33,0.81%,40.62,41.43,40.18,42800,12/24/20
EGOV,Nic Inc,26.23,0.06,0.23%,26.32,26.39,26.1,131400,12/24/20
EHTH,Ehealth Inc,73.9,0.85,1.16%,73.5,74.6,72.22,189900,12/24/20
EIDX,Eidos Therapeutics Inc,127.7,0.34,0.27%,129.82,130.03,126.79,100500,12/24/20
ELOX,Eloxx Pharmaceuticals Inc,4.29,-0.19,-4.24%,4.54,4.54,4.25,40100,12/24/20
ENPH,Enphase Energy Inc,181.39,1.07,0.59%,179.76,184.54,177.48,1062200,12/24/20
ENSG,The Ensign Group IN,72.82,0.26,0.36%,73.13,73.62,71.5,71200,12/24/20
ENTA,Enanta Pharmaceutica,42.9,0.6,1.42%,42.73,43.1,42.18,42200,12/24/20
ENTG,Entegris Inc,96.26,0.49,0.51%,96.38,96.51,94.81,252100,12/24/20
EPAY,Bottomline Tech IN,50.77,0.76,1.52%,50.06,51.47,50.06,52300,12/24/20
EPZM,Epizyme Inc,11.75,-0.06,-0.51%,11.64,12.07,11.6,349700,12/24/20
EQIX,Equinix Inc,705.94,2.86,0.41%,707.94,711.43,702.6,97300,12/24/20
ERIC,Ericsson ADR,11.76,0.03,0.26%,11.77,11.83,11.75,1720100,12/24/20
ERIE,Erie Indemnity Company,243.25,-7.75,-3.09%,249.99,251,242.29,41700,12/24/20
ESGR,Enstar Group Ltd,201.8,-1.12,-0.55%,200.55,203.31,200.01,8100,12/24/20
ESLT,Elbit Systems Ltd,131,4.09,3.22%,131.21,131.25,129.44,34300,12/24/20
ESPR,Esperion Theraptc,29.3,1.14,4.05%,28.42,30.35,28.23,480700,12/24/20
ETSY,Etsy Inc,190.31,0.14,0.07%,191.21,193.74,188.08,1116600,12/24/20
EVBG,Everbridge Inc,152.34,-1.58,-1.03%,155.07,155.64,151.29,64800,12/24/20
EVOP,Evo Payments Inc Cl A,26.41,0.44,1.69%,26,26.61,25.6,98000,12/24/20
EWBC,East West Bancorp,50.39,-0.57,-1.12%,51.25,51.27,49.74,236700,12/24/20
EXAS,Exact Sciences Cor,139.56,-1.44,-1.02%,141.69,142.34,138.31,359000,12/24/20
EXC,Exelon Corp,41.83,0.12,0.29%,41.95,41.95,41.41,1476600,12/24/20
EXEL,Exelixis Inc,20.71,0.15,0.75%,20.69,20.83,20.48,1136700,12/24/20
EXLS,Exlservice Holdings,86.22,1.12,1.32%,85.35,86.59,84.96,45000,12/24/20
EXPD,Expeditors Intl,94.64,0.13,0.14%,94.8,95.11,94.22,191000,12/24/20
EXPE,Expedia Group Inc,126.96,0.47,0.37%,126.94,127.43,125.75,564000,12/24/20
EXPI,Exp Realty International,78.63,-0.25,-0.32%,78.49,82.62,78.22,417100,12/24/20
EXPO,Exponent Inc,88.79,0.64,0.73%,88.59,89.11,88.15,66400,12/24/20
EYE,National Vision Holdings Inc,47.31,-0.42,-0.88%,47.68,47.7,46.59,146400,12/24/20
EYEG,Eyegate Pharma,5.94,0.04,0.68%,6.25,6.25,5.77,185500,12/24/20
FANG,Diamondback Energy,48.25,0.45,0.94%,47.77,48.44,46.55,1609000,12/24/20
FANH,Fanhua Inc,12.46,0.27,2.21%,12.2,12.5,12.02,46400,12/24/20
FARO,Faro Tech Inc,71.75,0.26,0.36%,71.48,72.25,71.46,21500,12/24/20
FAST,Fastenal Company,49.52,0.43,0.88%,49.37,49.52,49.15,704400,12/24/20
FATE,Fate Therapeutics,99.5,-1.3,-1.29%,100.53,102.33,98.62,200300,12/24/20
FB,Facebook Inc,267.4,-0.71,-0.26%,268.88,270.4,266.2,6702000,12/24/20
FBNC,First Bancorp [Nc],33.51,0.06,0.18%,33.72,33.72,32.96,48200,12/24/20
FBRX,Forte Biosciences Inc,38.03,-1.06,-2.71%,38.88,39.71,37.37,39500,12/24/20
FCFS,First Cash Fin Svcs,70.05,1.23,1.79%,68.78,70.07,68.24,87800,12/24/20
FCNCA,First Citizens Bancs,593.13,-2.63,-0.44%,596.98,596.98,583.04,22100,12/24/20
FELE,Franklin Electric Company,69.97,0.83,1.20%,69.68,70.75,68.7,55800,12/24/20
FEYE,Fireeye Inc,22.37,-1.67,-6.95%,23.61,23.75,21.73,20938699,12/24/20
FFBC,First Finl Bncp [Oh],17.4,0.06,0.32%,17.39,17.47,17.16,206800,12/24/20
FFIC,Flushing Finl Corp,16.42,0.02,0.12%,16.51,16.63,16.09,74900,12/24/20
FFIN,First Finl Bkshs Inc,35.77,-0.14,-0.39%,35.89,35.89,35.43,95900,12/24/20
FFIV,F5 Networks Inc,175.61,-0.25,-0.14%,176.8,176.8,174.31,120500,12/24/20
FGEN,Fibrogen Inc CS,40.41,-0.07,-0.17%,40.72,41.43,40.19,325900,12/24/20
FHB,First Hawaiian Inc,23.19,-0.29,-1.24%,23.48,23.65,22.85,168100,12/24/20
FIBK,First Interstate Ban,40.66,0.15,0.37%,40.73,40.73,40,42800,12/24/20
FISV,Fiserv Inc,112.63,1.99,1.80%,111.08,112.74,110.89,1683100,12/24/20
FITB,Fifth Third Bncp,27.58,-0.15,-0.54%,27.82,27.82,27.14,1477600,12/24/20
FIVE,Five Below Inc,158.85,2.59,1.66%,155.94,159.34,155.1,308700,12/24/20
FIVN,Five9 Inc,180.04,0.05,0.03%,180.97,183.19,179.55,159800,12/24/20
FIZZ,Natl Beverage Cp,87.87,1.39,1.61%,86.04,88.35,85.9,100000,12/24/20
FLEX,Flextronics Intl Ltd,18.16,-0.08,-0.44%,18.34,18.34,17.94,755700,12/24/20
FLIC,First of Long Isla,17.96,0.12,0.67%,17.84,18.08,17.64,26400,12/24/20
FLIR,Flir Systems Inc,44.54,0.3,0.68%,45.16,45.34,44.26,1208600,12/24/20
FLWS,1-800-Flowers.com,26.04,0.39,1.52%,25.75,26.44,25.63,365900,12/24/20
FMAO,Farmers & Merch Banc,22.97,-0.1,-0.43%,22.82,23.07,22.82,4800,12/24/20
FMBI,First Midwest Bncp,15.77,-0.05,-0.32%,15.83,15.96,15.57,300300,12/24/20
FMTX,Forma Therapeutics Holdings Inc,39.43,0.08,0.20%,38.97,40.09,37.72,511800,12/24/20
FNLC,First Bancorp Inc,24.76,0.16,0.65%,24.7,24.86,24.61,4300,12/24/20
FOCS,Focus Financial Partners Inc Cl A,44.71,-0.46,-1.02%,45.54,45.85,44.34,80800,12/24/20
FOLD,Amicus Therapeutics,24.23,0.01,0.04%,24.19,24.5,24.09,797400,12/24/20
FORM,Formfactor Inc,42.58,0.72,1.72%,41.99,42.68,41.95,145400,12/24/20
FORR,Forrester Resrch,40.43,0.52,1.30%,40.03,41.13,40.03,17100,12/24/20
FOX,Fox Corp Cl B,28,0.25,0.90%,27.75,28.13,27.75,475900,12/24/20
FOXA,Fox Corp Cl A,28.31,0.2,0.71%,28.05,28.53,28.05,1363500,12/24/20
FOXF,Fox Factory Cp,106.59,0.71,0.67%,105.85,107.09,103.86,85700,12/24/20
FPRX,Five Prime Thera,18.93,-0.07,-0.37%,19.06,19.99,18.59,314100,12/24/20
FRG,Franchise Group Inc,28.64,-0.67,-2.29%,29.35,29.35,27.84,105100,12/24/20
FRHC,Freedom Holding Corp,52.05,1.11,2.18%,50.23,52.41,50.11,826900,12/24/20
FRME,First Merchants Corp,36.84,0.13,0.35%,37.06,37.06,36.08,70300,12/24/20
FROG,Jfrog Ltd,68.82,1.02,1.50%,67.85,72.28,66.63,2314700,12/24/20
FRPT,Freshpet Inc CS,143.31,0.52,0.36%,142.88,143.5,141.27,66200,12/24/20
FRTA,Forterra Inc,17.38,-0.22,-1.25%,17.64,17.8,17.06,151500,12/24/20
FSLR,First Solar Inc,102.4,0.57,0.56%,101.83,103.29,99.69,1340600,12/24/20
FSV,Firstsrvce Sub VT Sh,135.86,2.16,1.62%,132.66,136.22,132.66,16000,12/24/20
FTDR,Frontdoor Inc,50.55,0.11,0.22%,50.49,50.78,50.04,62800,12/24/20
FTNT,Fortinet Inc,149.79,-0.45,-0.30%,149.97,151.5,148.54,425500,12/24/20
FULT,Fulton Financial Cor,12.79,-0.1,-0.78%,12.88,12.91,12.61,366100,12/24/20
FUTU,Futu Holdings Ltd,37.88,-1.64,-4.15%,39.51,40.39,37.7,3825900,12/24/20
FWONK,Liberty Media F1 Series K,41.67,0.45,1.09%,41.33,41.73,40.99,97500,12/24/20
FWRD,Foward Air Corp,76.08,0.49,0.65%,75.95,76.47,75.04,42700,12/24/20
GABC,German Amer Bncp Inc,32.43,0.32,1.00%,32.25,32.43,32,18300,12/24/20
GASS,Stealthgas Inc,2.39,-0.02,-0.83%,2.41,2.41,2.34,41700,12/24/20
GBCI,Glacier Bancorp Inc,45.88,-0.02,-0.04%,46.23,46.28,45.33,113900,12/24/20
GBT,Global Blood Ther,45.67,0.42,0.93%,45.55,46.63,45.24,319100,12/24/20
GDEN,Golden Entmt,20.16,0.19,0.95%,20,20.4,19.96,36300,12/24/20
GDS,Gds Holdings Ltd,91.3,-1.14,-1.23%,91.74,92.39,89.03,436600,12/24/20
GEOS,Geospace Technologie,10.15,0.17,1.70%,9.98,10.15,9.85,47300,12/24/20
GH,Guardant Health Inc,133.79,-0.65,-0.48%,134.5,136.2,132.81,171100,12/24/20
GILD,Gilead Sciences Inc,57.07,-0.31,-0.54%,57.33,57.41,56.96,3441300,12/24/20
GLNG,Golar Lng Ltd,9.31,0.01,0.11%,9.33,9.41,9.15,404700,12/24/20
GLPG,Galapagos NV,99.29,-0.26,-0.26%,99.92,99.92,98.54,41600,12/24/20
GLPI,Gaming & Leisure,43,0.7,1.65%,42.35,43.01,42.03,393500,12/24/20
GLUU,Glu Mobile Inc,9.66,0.01,0.10%,9.69,9.79,9.57,835100,12/24/20
GLYC,Glycomimetics Inc,4.12,-0.12,-2.83%,4.3,4.34,4.08,221400,12/24/20
GNTX,Gentex Corp,33.85,-0.11,-0.32%,34.02,34.04,33.66,445000,12/24/20
GO,Grocery Outlet Holding Corp,40.4,-0.15,-0.37%,40.4,40.5,39.65,352400,12/24/20
GOGL,Golden Ocean Gp,4.62,0.03,0.65%,4.6,4.63,4.57,49500,12/24/20
GOOD,Gladstone Comml,17.79,0.14,0.79%,17.77,17.87,17.51,124500,12/24/20
GOOG,Alphabet Cl C,1738.85,6.47,0.37%,1735,1746,1729.11,346700,12/24/20
GOOGL,Alphabet Cl A,1734.16,5.93,0.34%,1729,1742.41,1724.35,465600,12/24/20
GOSS,Gossamer Bio Inc,10.02,-0.31,-3.00%,10.35,10.42,10,423600,12/24/20
GRBK,Green Brick Partners,24.27,1.07,4.61%,23.16,24.28,22.85,190400,12/24/20
GRFS,Grifols S.A.,18.65,-0.19,-1.01%,18.95,18.95,18.58,96500,12/24/20
GRMN,Garmin Ltd,120.21,-0.03,-0.02%,120.68,120.68,119.23,166100,12/24/20
GSBC,Great Southern Bncp,50,-0.01,-0.02%,49.81,50.19,48.83,23300,12/24/20
GSHD,Goosehead Insurance Inc Cl A,124.19,-1.76,-1.40%,125.65,125.68,121.13,44600,12/24/20
GSM,Ferroglobe Plc Os,1.54,-0.03,-1.91%,1.59,1.59,1.5,362800,12/24/20
GT,Goodyear Tire Rubber,10.36,-0.12,-1.15%,10.46,10.5,10.22,856300,12/24/20
GTLS,Chart Industries IN,121.05,-0.88,-0.72%,122.05,122.18,120,132300,12/24/20
GTYH,Gty Technology Holdings Inc,5.28,0.28,5.60%,5.08,5.4,5,166900,12/24/20
GWPH,Gw Pharma ADR,117.87,-0.56,-0.47%,120,120.28,115.25,141500,12/24/20
HAIN,Hain Celestial Group,40,0.13,0.33%,39.82,40.11,39.63,360000,12/24/20
HALO,Halozyme Therapeutic,42.91,0.26,0.61%,43.15,43.28,42.7,232400,12/24/20
HAS,Hasbro Inc,93.15,0.4,0.43%,93.22,93.34,92.01,201000,12/24/20
HBAN,Huntington Bcshs,12.35,-0.1,-0.80%,12.51,12.51,12.16,4545200,12/24/20
HBMD,Howard Bancorp MD,11.83,-0.22,-1.83%,12.15,12.15,11.75,5100,12/24/20
HCAT,Health Catalyst Inc,44.89,0.16,0.36%,44.98,45.45,44.62,211000,12/24/20
HCM,Hutchison China Ads,29.49,0.24,0.82%,29.59,29.59,29.09,46500,12/24/20
HCSG,Healthcare Svcs Gp,27.07,0.06,0.22%,27.4,27.46,26.84,141400,12/24/20
HDS,HD Supply Hlds Cmm,55.99,0.12,0.21%,55.93,56.08,55.9,2879500,12/24/20
HELE,Helen of Troy Ltd,224.83,1.54,0.69%,225.14,225.33,223.02,30800,12/24/20
HFFG,HF Foods Group Inc,7.88,-0.24,-2.96%,8.21,8.29,7.8,65000,12/24/20
HLIO,Helios Technologies Inc,52.76,0.55,1.05%,52.21,53.24,50.9,26900,12/24/20
HLNE,Hamilton Lane Inc Cl A,78.67,-1.05,-1.32%,80.25,80.52,78.27,105100,12/24/20
HMST,Homestreet Inc,33.53,-0.12,-0.36%,33.62,34.45,33.11,60600,12/24/20
HMSY,Hms Hlds Cp,36.51,-0.06,-0.16%,36.6,36.6,36.47,1058800,12/24/20
HOLX,Hologic Inc,74.77,-0.29,-0.39%,74.85,75.1,74.2,571700,12/24/20
HOMB,Home Bancshares Inc,19.67,0.12,0.61%,19.7,19.74,19.37,238900,12/24/20
HONE,Harborone Bancorp Inc,10.8,-0.03,-0.28%,10.84,10.89,10.74,72200,12/24/20
HOPE,Hope Bancorp Inc,10.79,-0.03,-0.28%,10.83,10.83,10.61,469500,12/24/20
HQY,Healthequity,68.33,-0.47,-0.68%,69.13,69.4,67.82,212600,12/24/20
HRMY,Harmony Biosciences Holdings Inc,36.48,-0.87,-2.33%,37.3,38.54,35.82,39900,12/24/20
HRTX,Heron Therapeutics,20.72,0.17,0.83%,20.73,20.93,20.46,433000,12/24/20
HSIC,Henry Schein Inc,65.83,-0.61,-0.92%,66.31,66.4,65.25,155800,12/24/20
HSKA,Heska Corp,147.75,-2.83,-1.88%,149.07,150.57,147.01,42700,12/24/20
HST,Host Marriott Financial Trust,14.2,0.16,1.14%,14.05,14.2,13.88,2138500,12/24/20
HTHT,Huazhu Group Ltd,44.4,-0.19,-0.43%,44.42,44.83,43.97,1090800,12/24/20
HTLD,Heartland Express,18.21,-0.03,-0.16%,18.31,18.31,18.03,115100,12/24/20
HTLF,Heartland Finl USA,40.65,-0.16,-0.39%,41.1,41.44,40.12,65400,12/24/20
HUBG,Hub Group Inc A,56.62,-0.07,-0.12%,56.95,57.2,56.45,45400,12/24/20
HURN,Huron Consulting,57.37,0.19,0.33%,57.23,57.74,56.62,69900,12/24/20
HWC,Hancock Whitney Corp,34.22,0.26,0.77%,33.99,34.26,33.58,215000,12/24/20
HZNP,Horizon Therapeutics,68.92,1.25,1.85%,68.14,69.42,67.98,523100,12/24/20
IAC,Iac Holdings Inc,179.48,1.11,0.62%,179,182.77,178.45,206600,12/24/20
IART,Integra Lifesciences,66.39,0.86,1.31%,65.77,66.57,65.3,167200,12/24/20
IBKR,Interactive Brokers,61.08,0.22,0.36%,61.22,61.22,60.41,253500,12/24/20
IBOC,Intl Bancshares,37.76,-0.15,-0.40%,38.12,38.5,37.22,73100,12/24/20
IBTX,Independent Bank Group,62.5,-0.51,-0.81%,63.53,63.53,62.16,79700,12/24/20
ICFI,Icf International,74.63,0,0.00%,74.61,75.68,73.95,18200,12/24/20
ICLR,Icon Plc,192.51,-0.6,-0.31%,194.4,194.4,191.32,39400,12/24/20
ICPT,Intercept Pharmaceuticals,26.79,-0.63,-2.30%,27.37,27.55,26.75,507600,12/24/20
ICUI,I C U Medical Inc,211.72,0.55,0.26%,211.17,213.27,209.84,36500,12/24/20
IDCC,Interdigital Inc,61.2,-0.57,-0.92%,61.83,61.83,61.01,78400,12/24/20
IDXX,Idexx Laboratories,497.14,3.46,0.70%,495.82,499.12,493.16,69500,12/24/20
IEP,Icahn Enterprises,50.99,0.06,0.12%,51.12,51.12,50.68,68900,12/24/20
IGMS,Igm Biosciences Inc,89.51,3.79,4.42%,86.2,90.91,86.2,128300,12/24/20
IIVI,I I V I Inc,77.83,0.93,1.21%,78,79.38,77.02,529900,12/24/20
ILMN,Illumina Inc,367.29,0.77,0.21%,363.45,369.06,362.01,269200,12/24/20
ILPT,Industrial Logistics Properties Trust,22.91,0.2,0.88%,22.79,22.95,22.56,146700,12/24/20
IMVT,Immunovant Inc,49.78,0.77,1.57%,49.09,50.72,48.79,85000,12/24/20
INBK,First Internet Bcp,28.92,-0.41,-1.40%,29.32,29.4,28.38,8500,12/24/20
INCY,Incyte Corp,87.37,-0.56,-0.64%,87.95,88.37,87.04,182100,12/24/20
INDB,Independent Bk Corp,73.97,-0.23,-0.31%,74.27,74.27,66.84,59700,12/24/20
INFN,Infinera Corp,10.97,-0.06,-0.54%,11.05,11.09,10.87,1137900,12/24/20
INMD,Inmode Ltd,47.49,0.1,0.21%,47.86,47.86,47.06,178700,12/24/20
INO,Inovio Pharma,10.26,0.19,1.89%,10.95,11.03,10.11,17748699,12/24/20
INOV,Inovalon Hlds Cm A,18.5,0.01,0.05%,18.44,18.6,18.29,103300,12/24/20
INSM,Insmed Inc,35.41,-0.04,-0.11%,36.4,36.4,34.62,357700,12/24/20
INTC,Intel Corp,47.07,0.5,1.07%,46.6,47.09,46.34,11865600,12/24/20
INTU,Intuit Inc,381.16,4.24,1.12%,377.51,381.79,377.43,441900,12/24/20
INVA,Innoviva Inc,12.34,0.4,3.35%,11.95,12.46,11.95,197300,12/24/20
IONS,Ionis Pharmaceuticals,59.68,-0.59,-0.98%,60.18,60.85,59.47,1105100,12/24/20
IOSP,Innospec Inc,89.54,0.84,0.95%,89.32,89.89,88.25,29400,12/24/20
IOVA,Iovance Biotherapeutics Inc,49.55,-0.16,-0.32%,49.57,50.45,48.72,388900,12/24/20
IPAR,Inter Parfums Inc,59.39,-0.09,-0.15%,60.04,60.11,58.82,44200,12/24/20
IPGP,Ipg Photonics Corp,220.97,0.81,0.37%,221.42,222.44,219.19,40100,12/24/20
IPHI,Inphi Corp,160.5,1.76,1.11%,159.19,160.51,158.13,218700,12/24/20
IQ,Iqiyi Inc ADR,17.44,0.33,1.93%,16.84,17.5,16.56,9152400,12/24/20
IRBT,Irobot Corp,85.85,-0.76,-0.88%,86.74,88.2,85.62,241500,12/24/20
IRDM,Iridium Comm Inc,39.05,-0.35,-0.89%,39.8,39.95,38.65,202800,12/24/20
IRTC,Irhythm Technologies Inc,242.12,-0.68,-0.28%,241.18,245.92,240.5,172700,12/24/20
IRWD,Ironwood Pharmaceuti,11.72,-0.09,-0.76%,11.8,11.9,11.68,302800,12/24/20
ISBC,Investors Bancorp,10.23,0.01,0.10%,10.28,10.33,10.1,494300,12/24/20
ISRG,Intuitive Surg Inc,807,-2.65,-0.33%,810.71,812.34,803.01,163200,12/24/20
ISTR,Investar Holding,16.62,-0.21,-1.25%,16.65,17,16.62,2200,12/24/20
ITCI,Intra-Cellular Ther,31.33,0.62,2.02%,30.97,31.56,30.65,284100,12/24/20
ITOS,Iteos Therapeutics Inc,33.34,-0.16,-0.48%,33.41,33.73,33.34,58700,12/24/20
ITRI,Itron Inc,93.91,0.39,0.42%,95.09,96,92.64,94800,12/24/20
ITRN,Ituran Location,19.03,-0.18,-0.94%,19.22,19.35,18.89,17000,12/24/20
JACK,Jack IN The Box Inc,95.18,1.49,1.59%,94.27,95.62,93,265700,12/24/20
JAZZ,Jazz Pharma Plc,157.28,1.26,0.81%,156.66,158.1,154.88,197300,12/24/20
JBHT,J B Hunt Transport,137.42,-1.02,-0.74%,138.11,138.65,136.72,245200,12/24/20
JBLU,Jetblue Airways Cp,14.43,-0.04,-0.28%,14.6,14.6,14.24,4380000,12/24/20
JCOM,J2 Global Inc,97.63,-0.02,-0.02%,98.15,98.16,96.9,706600,12/24/20
JD,Jd.com Inc Ads,84.49,-0.97,-1.14%,83.39,86.66,83.11,12164400,12/24/20
JJSF,J J Snack Foods,156.6,0.27,0.17%,157.19,157.19,154.58,26300,12/24/20
JKHY,Jack Henry & Assoc,157.69,1.76,1.13%,155.9,158.45,155.65,202700,12/24/20
JOBS,51Job Inc,68.05,-2.95,-4.15%,70.67,71.5,67.7,195200,12/24/20
JRVR,James River Gp HD,48.87,-0.25,-0.51%,49.18,49.56,48.61,52600,12/24/20
KALU,Kaiser Aluminum,95.65,2.08,2.22%,94.44,96.11,92.44,65900,12/24/20
KALV,Kalvista Pharmaceuticals Inc,17.52,-0.08,-0.45%,17.6,18.04,17.3,48900,12/24/20
KBAL,Kimball Intl Cl B,12.4,-0.04,-0.32%,12.48,12.52,12.18,78300,12/24/20
KC,Kingsoft Cloud Holdings Limited ADR,45.25,0.29,0.65%,45.46,48.16,44.52,1401500,12/24/20
KDP,Keurig Dr Pepper Inc,31.88,0.27,0.85%,31.6,31.9,31.56,1668700,12/24/20
KELYA,Kelly Svcs Cl A,20.83,0.33,1.61%,20.58,20.91,20.34,35500,12/24/20
KHC,Kraft Heinz Company,34.98,0.18,0.52%,34.79,34.98,34.62,1575900,12/24/20
KIDS,Orthopediatrics Corp,46.31,0.23,0.50%,46.41,46.87,45.95,60700,12/24/20
KLAC,K L A-Tencor Corp,259.08,6.29,2.49%,254.86,259.08,253.97,367200,12/24/20
KLIC,Kulicke and Soffa,32.89,0.01,0.03%,33.9,33.9,32.63,89900,12/24/20
KNSL,Kinsale Capital Group Inc,207.28,-8.76,-4.06%,215.71,218.3,205.04,285900,12/24/20
KOD,Kodiak Sciences Inc,154.03,0.72,0.47%,153.39,156.22,151.3,71600,12/24/20
KOPN,Kopin Cp,2.76,-0.06,-2.13%,2.9,2.91,2.65,1637200,12/24/20
KPTI,Karyopharm Therapeut,15.95,-0.49,-2.98%,16.52,16.61,15.89,1256400,12/24/20
KRNT,Kornit Digital Ord,88.45,-0.65,-0.73%,88.9,88.95,86.6,83200,12/24/20
KRNY,Kearny Financial,10.57,-0.05,-0.47%,10.69,10.72,10.49,129100,12/24/20
KRON,Kronos Bio Inc,35.57,0.72,2.07%,35.27,36.19,34.65,65100,12/24/20
KROS,Keros Therapeutics Inc,78.53,0.78,1.00%,77.83,80.74,77.83,44400,12/24/20
KRTX,Karuna Therapeutics Inc,104.65,0.42,0.40%,104.1,105.71,103.69,44100,12/24/20
KRYS,Krystal Biotech Inc,60.55,-0.05,-0.08%,60.53,62,59.99,35400,12/24/20
KTOS,Kratos Defns,26.4,0.15,0.57%,26.29,26.6,26.12,414300,12/24/20
KURA,Kura Oncology,35.98,-0.08,-0.22%,36.37,37.09,35.84,240800,12/24/20
KYMR,Kymera Therapeutics Inc,86.1,5.52,6.85%,80.7,87.08,79.36,86500,12/24/20
LAMR,Lamar Advertis A,81.39,0.07,0.09%,81.58,81.58,80.67,59800,12/24/20
LANC,Lancaster Colony Cor,174.3,2.15,1.25%,173.26,174.51,172.12,33500,12/24/20
LAUR,Laureate Education Inc,14.96,-0.04,-0.27%,15.01,15.11,14.82,266900,12/24/20
LBAI,Lakeland Bancorp Inc,12.55,-0.03,-0.24%,12.61,12.61,12.4,37200,12/24/20
LBRDA,Liberty Broadbd A,158.75,2.92,1.87%,155.48,158.93,155.48,61200,12/24/20
LBRDK,Liberty Broadbd C,159.43,2.41,1.53%,156.14,159.71,152.95,497500,12/24/20
LBTYA,Liberty Global Ord A,24.36,0.07,0.29%,24.32,24.58,24.22,322300,12/24/20
LBTYK,Liberty Global Ord C,23.79,0.08,0.34%,23.88,24.02,23.59,649000,12/24/20
LECO,Lincoln Elec Hld,118.81,-0.04,-0.03%,119.62,119.62,117.75,72100,12/24/20
LESL,Leslie's Inc,27.48,-0.69,-2.45%,27.91,28.95,26.12,693400,12/24/20
LFUS,Littelfuse Inc,251.66,-0.05,-0.02%,252.91,253.7,248.97,25900,12/24/20
LGIH,LGI Homes Inc,112.74,2.06,1.86%,110.01,112.84,109.61,75300,12/24/20
LGND,Ligand Pharm,106.05,0.38,0.36%,106.29,106.71,105.06,162300,12/24/20
LHCG,LHC Group Inc,220.06,-1.49,-0.67%,222.34,222.34,216.8,60800,12/24/20
LI,Li Auto Inc ADR,29.32,-1.24,-4.06%,30.29,30.38,29.14,13413700,12/24/20
LILAK,Liberty Latin America Cl C,11.24,-0.03,-0.31%,11.29,11.35,11.18,176500,12/24/20
LITE,Lumentum Hld,98.3,0.17,0.17%,98,98.94,97.65,519300,12/24/20
LIVN,Livanova Plc OR Sh,67.42,-0.01,-0.01%,68.07,68.59,66.83,192700,12/24/20
LKCO,Luokung Technology Corp,0.78,-0.02,-2.50%,0.8571,1.03,0.7257,15529600,12/24/20
LKFN,Lakeland Finl Corp,52.48,-0.24,-0.46%,53.67,53.67,52.06,18700,12/24/20
LKQ,LKQ Corp,36.26,0.01,0.03%,36.4,36.4,35.84,334600,12/24/20
LMNX,Luminex Corp,24.19,0.17,0.71%,24.14,24.47,23.78,121800,12/24/20
LNT,Alliant Energy Corp,50.02,0.48,0.97%,49.58,50.07,47.61,743100,12/24/20
LOB,Live Oak Bancsh,48.14,-1.04,-2.11%,49.28,49.4,47.62,98300,12/24/20
LOGI,Logitech Int S.A.,92.96,-0.85,-0.91%,94.05,94.41,92.8,182500,12/24/20
LOOP,Loop Industries Inc,8.28,-0.16,-1.90%,8.45,8.5,8.06,94000,12/24/20
LOPE,Grand Canyon Educati,94.94,0.15,0.16%,95.18,95.33,93.89,72100,12/24/20
LPLA,Lpl Financial Hld,103.84,-0.41,-0.39%,104.57,104.89,103.37,89200,12/24/20
LPRO,Open Lending Corp Cl A,33.2,-0.05,-0.15%,33.51,34,32.83,535100,12/24/20
LPSN,Liveperson Inc,65.06,-1.07,-1.62%,66.11,67,64.64,362400,12/24/20
LRCX,Lam Research Corp,480.34,9.21,1.95%,473.68,480.34,472.9,332900,12/24/20
LSCC,Lattice Semicond,43.76,0.4,0.92%,43.59,43.83,43.21,196800,12/24/20
LSTR,Landstar System,135.36,-0.01,-0.01%,135.17,135.53,134.05,79800,12/24/20
LSXMA,Liberty Srs XM CS A,42.68,0.11,0.26%,42.63,42.8,42.34,132400,12/24/20
LSXMK,Liberty Srs XM CS C,42.79,0.11,0.26%,42.75,43,42.37,233000,12/24/20
LULU,Lululemon Athletica,351.42,-3.71,-1.04%,355,356.39,350.45,757700,12/24/20
LUNG,Pulmonx Corp,65.22,0.03,0.05%,64.43,66.84,64.04,147200,12/24/20
LYFT,Lyft Inc Cl A,48.86,-1.21,-2.42%,50.02,50.07,48.69,1939700,12/24/20
MANH,Manhattan Assoc,106.57,-0.71,-0.66%,108.02,108.07,105.42,63500,12/24/20
MANT,Mantech Intl Cp A,83.31,0.64,0.77%,83.23,83.65,82.77,55300,12/24/20
MAR,Marriot Int Cl A,128.75,0.14,0.11%,128.62,128.98,127.5,592000,12/24/20
MASI,Masimo Corp,265.94,0.45,0.17%,266.55,269.33,265.32,90800,12/24/20
MAT,Mattel Inc,17.53,-0.08,-0.45%,17.67,17.8,17.46,735000,12/24/20
MBUU,Malibu Boats Inc,67.04,-0.84,-1.24%,68,68.37,66.79,39300,12/24/20
MCHP,Microchip Technology,136.77,0.77,0.57%,136.24,137.5,135.3,451800,12/24/20
MCRB,Seres Theraptc,24.28,-1.25,-4.90%,25.75,25.87,23.95,580900,12/24/20
MCRI,Monarch Casino,59.5,1.38,2.37%,58.29,59.62,58.29,54200,12/24/20
MDB,Mongodb Inc Cl A,378.48,2.26,0.60%,380.4,386,375.91,257500,12/24/20
MDGL,Madrigal Pharmaceuticals Inc,120.12,2.58,2.19%,120.12,120.98,118.3,51800,12/24/20
MDLZ,Mondelez Intl Inc,57.85,0.5,0.87%,57.42,57.87,57.32,2347700,12/24/20
MDRX,Allscripts Hlthcare,14.25,-0.09,-0.63%,14.46,14.51,14.17,416400,12/24/20
MEDP,Medpace Holdings Inc,139.14,-0.21,-0.15%,139.06,140,137.77,70800,12/24/20
MELI,Mercadolibre Inc,1690.48,20.47,1.23%,1672,1694.48,1665.9,132800,12/24/20
MEOH,Methanex Cp,46.56,0.45,0.98%,46.22,46.8,45.77,98500,12/24/20
MERC,Mercer Intl Inc,9.79,0.21,2.19%,9.56,9.85,9.56,114900,12/24/20
MGEE,Mge Energy Inc,69.44,0.74,1.08%,69.26,69.73,68.32,24200,12/24/20
MGIC,Magic Software Entpr,15.28,0.28,1.87%,15.1,15.28,15.01,10400,12/24/20
MGLN,Magellan Health,81.65,-0.11,-0.13%,81.74,82.05,81.06,44800,12/24/20
MGNX,Macrogenics,24.3,-0.94,-3.72%,25.21,25.31,24.19,303200,12/24/20
MGPI,MGP Ingredients Inc,47.38,0.65,1.39%,46.99,47.49,46.2,50300,12/24/20
MGRC,Mcgrath Rentcorp,64.21,0.38,0.60%,64.13,64.27,63.27,48900,12/24/20
MIDD,Middleby Corp,129.41,-0.84,-0.64%,131.08,131.08,127.74,157600,12/24/20
MIME,Mimecast Ltd Ord,58.64,0.23,0.39%,58.72,59.16,57.85,297000,12/24/20
MKSI,Mks Instruments Inc,149.88,1.96,1.33%,149.44,150.47,148.15,60500,12/24/20
MKTX,Marketaxess Holdings,573.08,0.11,0.02%,576.48,582.68,567.86,148100,12/24/20
MLAB,Mesa Labs Inc,284.8,-0.84,-0.29%,285.52,285.52,280.8,7500,12/24/20
MLCO,Melco Resorts & Entertainment,18.55,-0.01,-0.05%,18.62,18.71,18.49,278200,12/24/20
MLHR,Miller Herman Inc,34.58,0.6,1.77%,34.03,34.71,33.46,241200,12/24/20
MMSI,Merit Medical Sys,54.53,0.41,0.76%,54.32,55,54.08,95300,12/24/20
MMYT,Makemytrip Ltd,27.19,0.19,0.70%,27,27.67,26.76,145100,12/24/20
MNRO,Monro Muffler Brak,53.13,1.83,3.57%,51.3,53.29,51.27,210600,12/24/20
MNST,Monster Beverage Cp,89.81,0.87,0.98%,89,90.02,88.99,461400,12/24/20
MOMO,Momo Inc Ads,13.22,-0.27,-2.00%,13.4,13.42,13.07,2252100,12/24/20
MORN,Morningstar Inc,222.3,-0.35,-0.16%,222.65,225,221.16,46200,12/24/20
MPB,Mid Penn Bancorp Inc,24.85,-0.35,-1.39%,24.83,25.01,24.39,3900,12/24/20
MPWR,Monolithic Power Sys,357.07,3.18,0.90%,356.83,358.61,351.37,124100,12/24/20
MRCY,Mercury Sys Inc,86.64,-0.95,-1.08%,87.71,87.75,86.41,110200,12/24/20
MRKR,Marker Therapeutics Inc,1.53,0,0.00%,1.52,1.57,1.5101,219600,12/24/20
MRNA,Moderna Inc,123.39,-6.95,-5.33%,125.94,129.7,122.72,12720500,12/24/20
MRSN,Mersana Therapeutics Inc,26.8,-0.79,-2.86%,27.94,27.94,26.73,341400,12/24/20
MRTN,Marten Transport L,17.17,-0.14,-0.81%,17.31,17.41,17.06,99700,12/24/20
MRTX,Mirati Therapeutics,234.83,-1.97,-0.83%,240,241.26,233.71,96000,12/24/20
MRVI,Maravai Lifesciences Holdings Inc Cl A,29.71,-0.46,-1.52%,30.1,30.1,29.45,386800,12/24/20
MRVL,Marvell Tech Group,47.05,0.64,1.38%,46.73,47.1,46.26,3715800,12/24/20
MSEX,Middlesex Water Company,71.2,0.55,0.78%,71.03,71.63,70.14,14200,12/24/20
MSFT,Microsoft Corp,222.75,1.73,0.78%,221.42,223.61,221.2,10550500,12/24/20
MSTR,Microstrategy Cl A,322.61,-14.57,-4.32%,337,338.83,320.36,252600,12/24/20
MTCH,Match Group Inc,152.08,-1.31,-0.85%,153.04,154.15,151.34,1111600,12/24/20
MTSI,Macom Technology S,54.57,0.6,1.11%,54.51,55.2,54,335700,12/24/20
MU,Micron Technology,70.58,0.63,0.90%,70.31,70.64,69.76,4848400,12/24/20
MXIM,Maxim Integrated,86.58,0.76,0.89%,86.37,86.59,85.64,276500,12/24/20
MYGN,Myriad Genetics Inc,18.4,-0.18,-0.97%,18.61,18.67,18.14,183100,12/24/20
NARI,Inari Medical Inc,81.3,0.42,0.52%,80.13,83.87,80.13,327700,12/24/20
NATI,Natl Instruments Cor,43.1,0.05,0.12%,43.17,43.26,42.57,362700,12/24/20
NAVI,Navient Cp,9.77,0.05,0.51%,9.78,9.81,9.52,1215100,12/24/20
NBIX,Neurocrine Bioscienc,97.67,-0.26,-0.27%,98.46,99.24,96.46,166400,12/24/20
NBTB,NBT Bancorp Inc,31.87,0.35,1.11%,31.5,32,31.21,97700,12/24/20
NCNA,Nucana Plc ADR,5,0.44,9.65%,4.7,5,4.57,404300,12/24/20
NCNO,Ncino Inc,78.68,-1.51,-1.88%,80.5,81,78.28,177000,12/24/20
NDAQ,Nasdaq Inc,128.62,0.67,0.52%,127.98,128.74,127.59,191800,12/24/20
NDSN,Nordson Corp,198.95,0.6,0.30%,197.12,199.24,196.8,50600,12/24/20
NEO,Neogenomics Inc,55.4,-0.01,-0.02%,55.82,55.99,55.05,190200,12/24/20
NEOG,Neogen Cp,80.95,-0.56,-0.69%,81.98,82.37,80.64,120500,12/24/20
NESR,National Energy Services Reunited Corp,9.54,-0.06,-0.63%,9.7,9.75,9.49,40900,12/24/20
NFBK,Northfield Bncrp Del,12.21,-0.03,-0.25%,12.52,12.52,12.07,47400,12/24/20
NFE,New Fortress Energy Llc,57,2.61,4.80%,54.72,57.14,54.47,251900,12/24/20
NFLX,Netflix Inc,513.97,-0.51,-0.10%,515.12,519.34,512.21,1143900,12/24/20
NGHC,National General Hld,34.09,0.01,0.03%,34.1,34.12,34.05,298100,12/24/20
NICE,Nice Ltd,279.8,2.39,0.86%,277.19,279.88,275.31,198900,12/24/20
NKLA,Nikola Corp,13.75,-1.28,-8.52%,15.18,15.2,13.51,25430400,12/24/20
NKTR,Nektar Therapeutics,18.45,-0.06,-0.32%,18.52,18.54,18.25,286400,12/24/20
NKTX,Nkarta Inc,69.17,-6.45,-8.53%,79.11,79.16,68.76,77700,12/24/20
NLOK,Nortonlifelock Inc,21.04,0.08,0.38%,21.04,21.11,20.9,1495400,12/24/20
NMIH,Nmi Holdings Inc,22.75,-0.15,-0.66%,23.08,23.28,22.35,232400,12/24/20
NNOX,Nano-X Imaging Ltd,52.46,-1.53,-2.83%,54.91,55.5,50.57,504600,12/24/20
NOVT,Novanta Inc,120.81,-0.06,-0.05%,121.07,121.83,120.3,40500,12/24/20
NRC,National Research Corp,44.4,-0.23,-0.52%,44.84,44.84,44.1,8900,12/24/20
NRIX,Nurix Therapeutics Inc,43.84,-1.44,-3.18%,45.81,46.86,43.1,61200,12/24/20
NSIT,Insight Enterpr,74.55,-0.39,-0.52%,76.32,76.32,74.38,49400,12/24/20
NSTG,Nanostring Tech,72.72,-0.79,-1.07%,73.5,74.22,72.02,168100,12/24/20
NTAP,Netapp Inc,65.8,-0.37,-0.56%,66.11,66.27,65.45,509600,12/24/20
NTCT,Netscout Systems,27.72,0.15,0.54%,27.79,27.99,27.48,80600,12/24/20
NTES,Netease Inc Ads,92.66,0.08,0.09%,91.55,93,90.95,646400,12/24/20
NTGR,Netgear Inc,37.04,-0.57,-1.52%,37.87,38.1,36.95,115700,12/24/20
NTLA,Intellia Thera CS,62.14,-1.21,-1.91%,64.46,68.09,62,689900,12/24/20
NTNX,Nutanix Inc,33.22,0.01,0.03%,33.57,33.57,33.06,545600,12/24/20
NTRA,Natera Inc,111.74,1.7,1.54%,110.64,112.39,108.7,601400,12/24/20
NTRS,Northern Trust Corp,91.59,-0.4,-0.43%,92.23,92.23,90.18,269300,12/24/20
NUAN,Nuance Communicatns,43.74,0.21,0.48%,43.72,44.17,43.56,410400,12/24/20
NUVA,Nuvasive Inc,53.62,-0.09,-0.16%,54.09,54.14,53,307600,12/24/20
NVAX,Novavax Inc,129.34,1.69,1.32%,127.52,132.23,122.06,3690500,12/24/20
NVCR,Novocure Ltd Ord Sh,171.97,1.25,0.73%,171,176.53,170.8,288300,12/24/20
NVDA,Nvidia Corp,519.75,-0.62,-0.12%,521.49,525.3,517.55,2447000,12/24/20
NVMI,Nova Measuring Instr,70.34,1.2,1.74%,70.28,71.41,69.75,52700,12/24/20
NWBI,Northwest Bancshares,12.55,-0.01,-0.08%,12.6,12.63,12.4,249300,12/24/20
NWE,Northwestern Corp,56.61,0.57,1.02%,56.17,56.74,55.67,98600,12/24/20
NWL,Newell Rubbermaid Inc,21.22,-0.01,-0.05%,21.23,21.27,21.04,690200,12/24/20
NWLI,Natl Wstrn Life Gp A,208.46,3.71,1.81%,205.5,209.79,205.5,1800,12/24/20
NWS,News Cp Cl B,17.68,0.18,1.03%,17.63,17.78,17.55,1352000,12/24/20
NWSA,News Cp Cl A,17.82,0.14,0.76%,17.82,17.94,17.74,1099900,12/24/20
NXGN,Nextgen Healthcare Inc,18.26,-0.25,-1.35%,18.66,18.83,18.2,112100,12/24/20
NXPI,Nxp Semiconductors,157.33,0.47,0.30%,157.72,157.93,156.51,480400,12/24/20
NXST,Nexstar Media Group Inc.,105.03,0.84,0.81%,104.62,105.57,103.94,128900,12/24/20
NYMT,New York Mtge Trust,3.65,-0.03,-0.82%,3.7,3.7,3.62,1175800,12/24/20
OAS,Oasis Petroleum Inc,37.36,-0.52,-1.37%,37.93,38.33,37.24,23700,12/24/20
OCFC,Oceanfirst Financial Corp,18.69,-0.11,-0.59%,18.94,18.94,18.44,146600,12/24/20
ODFL,Old Dominion Freight Line Inc,198.25,1.42,0.72%,196.87,199,196.55,146800,12/24/20
ODP,Office Depot,28.63,0.12,0.42%,28.73,28.73,28.16,124700,12/24/20
OFLX,Omega Flex Inc,164.75,-2.28,-1.37%,163.75,164.75,163.75,1900,12/24/20
OKTA,Okta Inc Cl A,275.6,3.08,1.13%,276.16,280.61,273.77,713500,12/24/20
OLED,Universal Display,233.15,-0.87,-0.37%,235.44,235.44,231.52,108800,12/24/20
OLLI,Ollies Bargain CS,82.51,-0.09,-0.11%,83.51,83.62,82.25,401500,12/24/20
OLMA,Olema Pharmaceuticals Inc,51.5,1.75,3.52%,49.7,51.7,49.01,38400,12/24/20
OM,Outset Medical Inc,53.26,-0.74,-1.37%,53.95,54.84,52.41,76900,12/24/20
OMCL,Omnicell Inc,118.16,-0.52,-0.44%,119.38,119.38,117.09,79600,12/24/20
ON,On Semiconductor,31.99,0.19,0.60%,32,32.16,31.69,1776000,12/24/20
ONB,Old National Bncp,16.56,0.07,0.42%,16.55,16.56,16.32,191300,12/24/20
ONEM,1Life Healthcare Inc,43.49,0.02,0.05%,43.55,44.29,42.78,235700,12/24/20
OPCH,Option Care Health Inc,15.55,0.31,2.03%,15.34,15.74,15.16,177200,12/24/20
OPK,Opko Health Inc,4.23,-0.03,-0.59%,4.28,4.39,4.22,2397000,12/24/20
ORGO,Organogenesis Holdings Inc,6.46,-0.1,-1.52%,6.6,6.6,6.4,140700,12/24/20
ORLY,O'Reilly Automotive,461.76,3.83,0.84%,460.15,462.73,456.32,257200,12/24/20
OSIS,O S I Systems Inc,93.1,-0.44,-0.47%,93.79,94.73,92.55,16000,12/24/20
OSTK,Overstock.com Inc,56.76,-1.46,-2.51%,58.65,58.71,56.37,1505600,12/24/20
OTEX,Open Text Cp,45.73,0.6,1.33%,45.39,45.76,45.2,141000,12/24/20
OTTR,Otter Tail Corp,42.19,0.19,0.45%,43.02,43.02,41.46,58200,12/24/20
OZK,Bank Ozk,31.1,-0.36,-1.14%,31.51,31.51,30.87,132800,12/24/20
PAAS,Pan Amer Silver Corp,32.98,0.2,0.61%,32.67,33.14,32.39,680800,12/24/20
PACB,Pacific Biosciences,27.13,-1.37,-4.81%,28.12,29.51,26.66,3395000,12/24/20
PACW,Pacwest Bancorp,25.11,-0.19,-0.75%,25.47,25.47,24.5,206900,12/24/20
PATK,Patrick Inds Inc,70.37,1.15,1.66%,69.64,71.23,69.14,59300,12/24/20
PAYX,Paychex Inc,94.71,0.31,0.33%,94.9,95.01,93.38,842200,12/24/20
PBCT,People's United Finl,12.89,-0.04,-0.31%,12.94,12.97,12.68,1379200,12/24/20
PCAR,Paccar Inc,86.11,1.02,1.20%,85.4,86.2,85,372900,12/24/20
PCH,Potlatch Cp,50.64,-0.01,-0.02%,51.09,51.49,50.29,189600,12/24/20
PCRX,Pacira Pharm Inc,59.22,0.54,0.92%,59.27,59.48,58.41,57100,12/24/20
PCTY,Paylocity Hld Corp,214.28,-0.6,-0.28%,214.42,217.03,212.4,83400,12/24/20
PCVX,Vaxcyte Inc,27.96,-0.77,-2.68%,28.9,29.14,27.59,80600,12/24/20
PDCE,Pdc Energy Inc,19.99,-0.04,-0.20%,20.07,20.2,19.59,340700,12/24/20
PDCO,Patterson Companies,31.71,-0.47,-1.46%,32.5,32.77,31.55,151800,12/24/20
PDD,Pinduoduo Inc ADR,152.75,12.5,8.91%,137.59,156.98,137,13847601,12/24/20
PEGA,Pegasystems Inc,138.63,-1.19,-0.85%,140.17,140.89,137.53,72300,12/24/20
PENN,Penn Natl Gaming Inc,94.66,-1.43,-1.49%,96.13,97.86,94.11,1911000,12/24/20
PEP,Pepsico Inc,145.06,0.65,0.45%,144.83,145.11,144.14,883200,12/24/20
PFBC,Preferred Bank LA,48.63,-0.36,-0.73%,49.01,49.1,48.39,19300,12/24/20
PFG,Principal Financial Group Inc,48.48,-0.06,-0.12%,48.6,48.84,47.85,415200,12/24/20
PFIS,Peoples Finl Svcs Company,37.17,-0.63,-1.67%,37.17,37.17,37.17,900,12/24/20
PFPT,Proofpoint Inc,135.13,-1.38,-1.01%,136.54,136.54,133.34,382100,12/24/20
PGNY,Progyny Inc,42.16,0.42,1.01%,42,42.5,41.68,372100,12/24/20
PINC,Premier Inc Cl A,35.59,0.15,0.42%,35.31,35.7,35.15,306800,12/24/20
PLMR,Palomar Holdings Inc,91.16,-0.47,-0.51%,91.64,92.55,89.35,103200,12/24/20
PLUG,Plug Power Inc,35.58,-0.56,-1.55%,35.71,36.67,34.75,19919199,12/24/20
PLUS,Eplus Inc,86.36,-1.62,-1.84%,88.31,88.31,86.11,15900,12/24/20
PLXS,Plexus Cp,77.94,0.21,0.27%,77.89,78.77,77.45,45300,12/24/20
PLYA,Playa Hotels & Resorts N.V.,5.56,0.18,3.35%,5.39,5.58,5.35,691900,12/24/20
PMVP,Pmv Pharmaceuticals Inc,55.59,-4.1,-6.87%,57.6,60.75,54,86500,12/24/20
PNFP,Pinnacle Finl Ptnrs,65.26,0.15,0.23%,65.2,65.26,64.23,106100,12/24/20
PNTG,The Pennant Group Inc,61,0.97,1.62%,60.03,61.56,59.32,43200,12/24/20
PODD,Insulet Corp,257.28,-3.7,-1.42%,259.92,261.35,253.09,167200,12/24/20
POOL,Pool Corp,364.73,-0.79,-0.22%,364.95,366.87,361.19,83200,12/24/20
POWI,Power Integratn,79.54,-0.02,-0.03%,80.24,80.24,78.63,66500,12/24/20
PPBI,Pacific Premier Bncp,30.92,-0.09,-0.29%,31.19,31.34,30.55,133900,12/24/20
PPC,Pilgrim's Pride,19.35,-0.23,-1.17%,19.34,19.51,19.13,211700,12/24/20
PPD,Ppd Inc,34.85,-0.48,-1.36%,35.22,35.82,34.65,115800,12/24/20
PRAA,Pra Group Inc,38.79,0.08,0.21%,38.71,38.93,38.24,57200,12/24/20
PRAH,Pra Health,121.14,0.32,0.26%,121.03,121.33,119.6,92300,12/24/20
PRDO,Perdoceo Education Corp,13.1,0.11,0.85%,13,13.33,12.95,181400,12/24/20
PRFT,Perficient Inc,48.1,0,0.00%,48.27,48.46,47.88,109300,12/24/20
PRGS,Progress Software,44.2,0.31,0.71%,44.18,44.62,43.77,65900,12/24/20
PRIM,Primoris Services Cp,27.76,0.14,0.51%,27.85,27.85,27.36,70500,12/24/20
PRLD,Prelude Therapeutics Incorporated,88.94,5.47,6.55%,82.3,89.06,81.99,104100,12/24/20
PRPL,Purple Innovation Inc,34.02,3.16,10.24%,30.84,35,30.72,1945400,12/24/20
PRQR,Proqr Therapeutics,4.63,-0.02,-0.43%,4.67,4.88,4.53,155800,12/24/20
PRSC,Providence Svc Cp,137.47,-1.45,-1.04%,139.05,139.05,136.58,33400,12/24/20
PS,Pluralsight Inc Cl A,20.98,0.29,1.40%,20.62,21.24,20.59,897000,12/24/20
PSMT,Pricesmart Inc,89.91,0.01,0.01%,90.09,90.85,89,29300,12/24/20
PTC,Ptc Inc,119.85,0.68,0.57%,119.82,120.18,119.04,189400,12/24/20
PTCT,Ptc Therapeutics,65.05,-0.49,-0.75%,66.4,66.51,64.89,78500,12/24/20
PTON,Peloton Interactive Inc,162.72,-0.04,-0.02%,161.9,167.37,161.3,6830900,12/24/20
PTVE,Pactiv Evergreen Inc,18.26,-0.21,-1.14%,18.37,18.62,18.18,99900,12/24/20
PYPL,Paypal Holdings,238.64,-0.8,-0.33%,240.36,242.12,238.09,3053700,12/24/20
PZZA,Papa John's Intl,87.54,0.28,0.32%,87.49,88.2,86.69,145400,12/24/20
QCOM,Qualcomm Inc,148.79,1.83,1.25%,147.8,148.9,147.2,2120100,12/24/20
QDEL,Quidel Cp,197.49,-2.52,-1.26%,201,205.99,196.22,256400,12/24/20
QFIN,360 Finance Inc ADR,10.84,-0.13,-1.19%,10.97,11.11,10.76,264300,12/24/20
QLYS,Qualys Inc,120.36,-2.13,-1.74%,123.45,124.85,120.15,167900,12/24/20
QNST,Quinstreet Inc,22.34,0.54,2.48%,21.93,22.38,21.33,227100,12/24/20
QRTEA,Qurate Retail Inc Series A,10.93,0.33,3.11%,10.57,10.95,10.5,2482700,12/24/20
QRVO,Qorvo Inc,167.11,2.01,1.22%,166.04,167.53,165.13,462200,12/24/20
QTRX,Quanterix Corp,45.94,-1.83,-3.83%,48.15,48.38,45.85,118500,12/24/20
QURE,Uniqure N.V.,38.1,-0.31,-0.81%,38.99,39.3,37.81,198000,12/24/20
RARE,Ultragenyx Pharmaceu,172.87,-4.52,-2.55%,179.09,179.65,168.76,157200,12/24/20
RAVN,Raven Industries Inc,33.09,-0.54,-1.61%,33.66,33.71,32.6,87600,12/24/20
RBCAA,Republic Bancorp Inc,36.35,-0.05,-0.14%,36.33,36.49,36.32,2400,12/24/20
RCII,Rent-A-Center Inc,38.16,-0.19,-0.50%,38.35,38.35,37.3,229100,12/24/20
RCKT,Rocket Pharmaceuticals Inc,56.7,-1.31,-2.26%,57.94,58.47,54.64,336000,12/24/20
RCM,R1 Rcm Inc,23.59,0.06,0.25%,23.5,23.87,23.4,477300,12/24/20
RDFN,Redfin Corp,78.05,-0.33,-0.42%,78.79,80.55,77.7,810300,12/24/20
RDWR,Radware Ltd,27.16,-0.23,-0.84%,27.51,27.7,27.05,42000,12/24/20
REAL,The Realreal Inc,20.28,-0.02,-0.10%,20.11,20.8,19.71,874600,12/24/20
REG,Regency Centers Corp,45.41,0.25,0.55%,45.58,45.68,44.82,261200,12/24/20
REGI,Renewable Energy,72.62,-4.61,-5.97%,77.35,77.8,72.04,688900,12/24/20
REGN,Regeneron Pharmaceuticals,488.93,-3.26,-0.66%,492.44,495.23,486.03,289100,12/24/20
REPL,Replimune Group Inc,41.86,-0.57,-1.34%,42.35,43.44,41.65,214600,12/24/20
RETA,Reata Pharma,132.55,5.4,4.25%,127.32,133.2,126.8,212800,12/24/20
REYN,Reynolds Consumer Products Inc,30.5,0.41,1.36%,30.02,30.57,30.01,111300,12/24/20
RGEN,Repligen Cp,195.69,-1.23,-0.62%,198.05,200.18,193.51,256000,12/24/20
RGLD,Royal Gold Inc,108.65,-0.1,-0.09%,108.48,109.05,107.25,135300,12/24/20
RGNX,Regenxbio Inc,48.72,-0.06,-0.12%,48.75,50,48.72,90900,12/24/20
RLAY,Relay Therapeutics Inc,46.87,-2.53,-5.12%,49.43,49.43,46.75,84700,12/24/20
RMBS,Rambus Inc,17.5,-0.01,-0.06%,17.62,17.65,17.37,233700,12/24/20
RMR,The Rmr Grp A,38.16,-0.04,-0.10%,38.54,38.54,37.17,17100,12/24/20
RNA,Avidity Biosciences Inc,29.51,-0.59,-1.96%,30.16,30.75,29.06,108600,12/24/20
RNST,Renasant Corp,33.29,0.34,1.03%,32.99,33.3,32.48,121600,12/24/20
ROCK,Gibraltar Ind Inc,71.72,0.24,0.34%,71.95,72.29,70.78,27900,12/24/20
ROIC,Retail Opp Invts Cp,13.34,0.03,0.23%,13.43,13.43,13.2,271200,12/24/20
ROKU,Roku Inc,356.99,-3.57,-0.99%,360.17,363.44,355.13,1846100,12/24/20
ROLL,RBC Bearings Incorp,181.4,2.47,1.38%,178.98,181.93,176.53,36000,12/24/20
ROST,Ross Stores Inc,118.02,-0.12,-0.10%,118.29,118.29,116.84,608700,12/24/20
RP,Realpage Inc,87.53,-0.15,-0.17%,87.66,87.89,87.5,2218100,12/24/20
RPD,Rapid7 Inc,89.28,-0.57,-0.63%,89.28,90.34,86.73,241900,12/24/20
RPRX,Royalty Pharma Plc Cl A,48.9,0.29,0.60%,48.58,50.02,48.22,1580500,12/24/20
RRR,Red Rock Resorts Inc,25.53,-0.17,-0.66%,25.72,25.72,25.05,786100,12/24/20
RUBY,Rubius Therapeutics Inc,8.04,0.04,0.50%,8.05,8.45,7.96,203900,12/24/20
RUN,Sunrun Inc,68.62,-1.25,-1.79%,69.62,70.58,66.69,2058700,12/24/20
RUSHA,Rush Entpr Cl A,41.12,-0.32,-0.77%,41.78,42.25,40.85,40500,12/24/20
RVMD,Revolution Medicines Inc,42.61,-1.34,-3.05%,44.35,44.85,41.81,111800,12/24/20
RXT,Rackspace Technology Inc,19.87,-0.08,-0.40%,20,20.25,19.75,331000,12/24/20
RYAAY,Ryanair Hlds Plc,108,-0.49,-0.45%,108.49,109.17,107.17,118600,12/24/20
RYTM,Rhythm Pharmaceuticals Inc,29,0,0.00%,29.27,29.98,28.56,124500,12/24/20
SABR,Sabre Corp,11.36,-0.08,-0.70%,11.47,11.49,11.16,2454100,12/24/20
SAFM,Sanderson Farms IN,131.47,-0.09,-0.07%,131.31,131.81,129.24,54700,12/24/20
SAFT,Safety Ins Group Inc,77.78,-0.49,-0.63%,78.64,78.64,76.95,39400,12/24/20
SAGE,Sage Therapeutic Com,89.06,0.38,0.43%,89.24,89.5,88.6,155100,12/24/20
SAIA,Saia Inc,185.47,1.21,0.66%,185.5,186.89,182.75,29400,12/24/20
SANM,Sanmina Corp,32.34,0.46,1.44%,32.1,32.36,31.56,117300,12/24/20
SASR,Sandy Spring Bancorp,32.2,0.03,0.09%,32.3,32.46,31.63,45200,12/24/20
SATS,Echostar Corp,21.4,0.01,0.05%,21.39,21.58,20.98,276800,12/24/20
SBAC,SBA Communications,275.02,2.04,0.75%,272.54,275.49,272.54,182800,12/24/20
SBCF,Seacoast Banking Cp,29.36,0.06,0.20%,29.34,29.5,28.87,64200,12/24/20
SBGI,Sinclair Brdcst A,31.25,-0.25,-0.79%,31.6,32.06,30.75,523200,12/24/20
SBLK,Star Bulk Carriers,8.74,0.01,0.11%,8.97,9,8.64,403400,12/24/20
SBNY,Signature Bank,134.2,-0.82,-0.61%,135.1,135.1,132.71,119900,12/24/20
SBRA,Sabra REIT,17.75,0.28,1.60%,17.55,17.76,17.37,462800,12/24/20
SBSI,Southside Bancshares,31.33,0.03,0.10%,31.51,31.51,30.75,31600,12/24/20
SBUX,Starbucks Corp,102.01,-0.05,-0.05%,102.3,102.36,101.68,1949100,12/24/20
SCHL,Scholastic Cp,24.47,0.61,2.56%,23.84,24.57,23.84,121500,12/24/20
SCOR,Comscore Inc,2.12,-0.09,-4.07%,2.23,2.33,2.1,445600,12/24/20
SCSC,Scansource Inc,26.2,1.03,4.09%,25.3,26.35,25.08,46400,12/24/20
SDC,Smiledirectclub Inc,13.43,-0.15,-1.10%,13.73,13.73,13.1,2116200,12/24/20
SDGR,Schrodinger Inc,83.95,-0.45,-0.53%,85.28,86.38,82.27,261300,12/24/20
SEDG,Solaredge Tech,324.09,0.11,0.03%,321.69,326.66,313.3,371100,12/24/20
SEIC,Sei Investments Company,56.51,0.02,0.04%,56.69,56.7,56.17,190600,12/24/20
SFBS,Servisfirst Bancs,40.28,-0.17,-0.42%,40.5,40.5,39.91,69100,12/24/20
SFIX,Stitch Fix Inc,69.27,0.61,0.89%,68.47,70.69,67.38,1751200,12/24/20
SFM,Sprouts Farmers Mark,20.29,-0.18,-0.88%,20.48,20.49,20.14,1043300,12/24/20
SFNC,Simmons First Natl,21.11,-0.05,-0.21%,21.3,21.3,20.76,148000,12/24/20
SGEN,Seattle Genetics Inc,190.61,-0.58,-0.30%,191.19,192.05,189.96,248000,12/24/20
SGMO,Sangamo Therapeutics,17.81,-0.37,-2.04%,18.13,18.55,17.58,1620900,12/24/20
SGMS,Scientific Games,42.49,0.05,0.12%,42.46,42.87,41.96,371000,12/24/20
SGRY,Surgery Partners CS,27.82,-0.2,-0.71%,28,28,26.96,94600,12/24/20
SHC,Sotera Health Company,26.94,-0.05,-0.19%,26.94,27.16,26.56,971700,12/24/20
SHEN,Shenandoah Telecom,43.62,0.22,0.51%,44.1,44.1,43.15,32900,12/24/20
SHOO,Steven Maddens Ltd,34.64,-0.33,-0.94%,35.35,35.35,34.31,233300,12/24/20
SIGI,Selective Ins Group,66.85,0.13,0.19%,66.76,67.18,65.86,83500,12/24/20
SILK,Silk Road Medical Inc,64.71,1.53,2.42%,63.69,65.26,63.53,93000,12/24/20
SIMO,Silicon Motion Techn,44.92,-0.23,-0.51%,45.34,45.34,44.58,103900,12/24/20
SINA,Sina Corp,42.45,-0.75,-1.74%,43.14,43.16,42.45,215300,12/24/20
SIRI,Sirius XM Holdings,6.3,0.03,0.56%,6.27,6.32,6.25,5567300,12/24/20
SITM,Sitime Corp,106.85,-1.35,-1.25%,108,108,102.93,67200,12/24/20
SIVB,Svb Financial Group,375.99,-1.53,-0.41%,379.93,379.93,372.09,75000,12/24/20
SKYW,Skywest Inc,40.41,-0.2,-0.49%,41.03,41.21,39.57,119700,12/24/20
SLAB,Silicon Labs Inc,126.29,0.58,0.46%,126.33,126.43,125.4,41400,12/24/20
SLDB,Solid Biosciences Inc,6.83,-0.32,-4.48%,7.07,7.31,6.77,316200,12/24/20
SLGN,Silgan Holdings,36.85,0.36,0.99%,36.64,36.96,36.55,111400,12/24/20
SLM,SLM Corp,12.27,0.02,0.16%,12.25,12.3,12.1,1009200,12/24/20
SLS,Sellas Life Sciences Group Inc,6.31,-0.21,-3.22%,6.5,6.53,6.12,1292800,12/24/20
SMCI,Super Micro Computer,30.52,0.33,1.09%,30.45,30.55,30.22,115600,12/24/20
SMPL,The Simply Good Foods Company,29.89,1.15,4.00%,28.74,30.09,28.6,1617800,12/24/20
SMTC,Semtech Corp,71.72,0.57,0.80%,71.15,71.82,70.87,112500,12/24/20
SNBR,Sleep Number Corp,84.87,2.62,3.19%,82.21,85.68,81.04,275300,12/24/20
SND,Smart Sand Inc,1.82,-0.03,-1.62%,1.84,1.88,1.81,88800,12/24/20
SNPS,Synopsys Inc,256.28,1.58,0.62%,255,257.48,253.81,200200,12/24/20
SNY,Sanofi-Aventis S.A.,47.45,-0.13,-0.27%,47.83,47.92,47.34,478900,12/24/20
SONO,Sonos Inc,24.44,-0.52,-2.08%,25,25.17,24.38,833900,12/24/20
SPLK,Splunk Inc,180.2,-2.35,-1.29%,182.58,184.71,179.68,1150200,12/24/20
SPNS,Sapiens Intl Cp NV,30.48,0.31,1.03%,30.24,30.8,30.24,76800,12/24/20
SPSC,Sps Commerce Inc,110.32,-0.35,-0.32%,110.68,111.63,109.76,76300,12/24/20
SPT,Sprout Social Inc Cl A,50.03,-1.45,-2.82%,51.26,52.24,49.78,195300,12/24/20
SPWR,Sunpower Corp,29.87,-0.17,-0.57%,29.82,31.1,29.23,3483700,12/24/20
SQBG,Sequential Brands,16.29,0.21,1.31%,16.15,16.86,16.15,7100,12/24/20
SRCE,1st Source Corp,39.89,0.04,0.10%,39.76,40.25,39.29,28000,12/24/20
SRCL,Stericycle Inc,69.72,0.38,0.55%,69.73,69.78,68.76,89000,12/24/20
SRNE,Sorrento Therpt,7.89,-0.67,-7.83%,8.56,8.61,7.81,14309400,12/24/20
SRPT,Sarepta Therapeutics,175.03,-3.03,-1.70%,178.38,178.38,174,220100,12/24/20
SSB,South State Cp,74.03,-0.54,-0.72%,74.92,74.94,73.03,65000,12/24/20
SSNC,SS&C Technologies,71.69,0.21,0.29%,71.61,71.82,71.29,160100,12/24/20
SSRM,Ssr Mining Inc,19.54,0.11,0.57%,19.42,19.69,19.24,409100,12/24/20
STAA,Staar Surgical Company,81.43,-0.39,-0.48%,81.7,83.21,80.4,186800,12/24/20
STAY,Extended Stay America Inc,14.17,0.21,1.50%,13.94,14.18,13.9,456100,12/24/20
STBA,S&T Bancorp Inc,24.35,0.54,2.27%,23.86,24.41,23.55,95500,12/24/20
STFC,State Auto Finl Corp,18.26,0.02,0.11%,18.26,18.45,18.12,24900,12/24/20
STLD,Steel Dynamics Inc,36.38,0.01,0.03%,36.64,36.8,35.9,534400,12/24/20
STMP,Stamps.com Inc,221.71,6.29,2.92%,217.82,222,214.62,180000,12/24/20
STNE,Stoneco Ltd Cl A,85.17,1.04,1.24%,84.71,85.42,83.62,1184900,12/24/20
STRA,Strayer Education,97.09,-0.92,-0.94%,97.98,99.14,95.6,63800,12/24/20
STX,Seagate Tech Ord Shs,62.95,-0.08,-0.13%,63.19,63.19,62.4,797200,12/24/20
SUMO,Sumo Logic Inc,32.19,-0.15,-0.46%,32.6,33.45,31.67,541000,12/24/20
SUPN,Supernus Pharm,25.66,-0.15,-0.58%,25.99,26.18,25.03,568200,12/24/20
SVC,Service Properties Trust,11.46,0.09,0.79%,11.5,11.53,11.22,304300,12/24/20
SVMK,Svmk Inc,25.97,0.3,1.17%,25.66,25.99,25.5,390000,12/24/20
SVRA,Savara Inc,1.31,-0.05,-3.68%,1.38,1.39,1.28,357300,12/24/20
SWAV,Shockwave Medical Inc,100,-3.1,-3.01%,103.7,103.95,99.71,150200,12/24/20
SWKS,Skyworks Solutions,151.21,0.47,0.31%,150.95,151.35,149.5,480400,12/24/20
SWTX,Springworks Therapeutics Inc,74.63,-2.73,-3.53%,77.56,80.31,74.19,216400,12/24/20
SYBT,Stock Yards Bancorp,40.17,0.22,0.55%,40.11,40.34,39.75,13500,12/24/20
SYBX,Synlogic Inc,2.29,-0.01,-0.43%,2.3,2.33,2.26,233500,12/24/20
SYKE,Sykes Enterprises,38.15,0.26,0.69%,38.45,38.8,37.88,60700,12/24/20
SYNA,Synaptics Inc,86.15,0.28,0.33%,86.8,87.11,84.5,163300,12/24/20
SYNH,Syneos Health Inc,68.02,-1.17,-1.69%,69.63,69.63,67.39,251200,12/24/20
TBIO,Translate Bio Inc,22.14,-2.01,-8.32%,24.08,24.15,22.01,546100,12/24/20
TBPH,Theravance Bio Ord,18.76,0.5,2.74%,18.48,19.01,18.14,68200,12/24/20
TCBI,Texas Capital Bncsh,59,-0.24,-0.41%,59.78,60.36,57.54,231400,12/24/20
TCBK,Trico Bancshares,34.51,-0.22,-0.63%,35.04,35.04,34.3,18800,12/24/20
TCF,TCF Financial Corp,36.21,-0.34,-0.93%,36.75,36.75,35.62,584900,12/24/20
TCOM,Trip.com Group Ltd,31.99,-0.64,-1.96%,32.22,32.3,31.58,4290600,12/24/20
TCX,Tucows Inc Cl A,72.86,-1.79,-2.40%,74.43,74.43,72.78,7500,12/24/20
TEAM,Atlassian Cls A Ord,241.79,0.91,0.38%,240.55,243.73,239.85,658300,12/24/20
TECH,Bio-Techne Cp,321.62,1.56,0.49%,320.94,323.12,318.87,29800,12/24/20
TENB,Tenable Holdings Inc,54.68,-0.29,-0.53%,55.72,55.81,54.16,228200,12/24/20
TER,Teradyne Inc,118.88,1.62,1.38%,117.69,118.9,116.83,421400,12/24/20
TFSL,Tfs Financial Corp,17.65,-0.17,-0.95%,17.84,17.84,17.44,69100,12/24/20
TGTX,Tg Therapeuticscmn,53.34,-0.89,-1.64%,54.38,55.15,53.27,543000,12/24/20
THFF,First Finl Corp [In],39.1,-0.06,-0.15%,39,39.1,38.53,10900,12/24/20
THRM,Gentherm Inc,66.01,-0.49,-0.74%,66.51,66.86,65.21,51900,12/24/20
TIGO,Millicom International Cellular S.A.,38.61,0.17,0.44%,38.73,38.77,38.42,28100,12/24/20
TLND,Talend S.A.,37.5,-0.5,-1.32%,37.46,37.93,36.94,219700,12/24/20
TLS,Telos Corp,30.17,-0.2,-0.66%,30.35,31.3,28.91,766800,12/24/20
TMUS,T-Mobile US,132.92,0.69,0.52%,132.78,133.83,132.59,901100,12/24/20
TNDM,Tandem Diabetes Care,93.9,0.35,0.37%,93.4,94.44,93.3,397000,12/24/20
TOWN,Towne Bank,23.46,0.11,0.47%,23.34,23.61,22.89,51400,12/24/20
TPIC,Tpi Composites Inc,55.14,-1.66,-2.92%,58.11,58.11,54.51,314500,12/24/20
TPTX,Turning Point Therapeutics Inc,130.1,-0.46,-0.35%,128.46,133.8,128.18,98400,12/24/20
TREE,Lendingtree Inc,277.45,1.43,0.52%,279.84,279.84,275.99,95400,12/24/20
TRHC,Tabula Rasa Healthcare Inc,40.53,0.86,2.17%,40.1,40.84,39.86,156200,12/24/20
TRIP,Tripadvisor Inc,26,-0.12,-0.46%,26.39,26.39,25.73,901600,12/24/20
TRMB,Trimble Navigation,66.65,0.07,0.11%,66.88,66.88,66.12,148700,12/24/20
TRMK,Trustmark Corp,27.34,0.2,0.74%,27.16,27.38,26.85,128000,12/24/20
TROW,T Rowe Price Group,148.28,0.44,0.30%,148.87,148.87,147.23,370700,12/24/20
TRS,Trimas Corp,32.04,0.54,1.71%,31.57,32.05,31.11,176200,12/24/20
TRST,Trustco Bank Corp NY,6.6,-0.01,-0.15%,6.62,6.65,6.52,117800,12/24/20
TRUP,Trupanion Inc,120.65,-0.38,-0.31%,121.22,122.72,119.01,155400,12/24/20
TSCO,Tractor Supply Company,146.88,-0.02,-0.01%,147.02,148,146.21,369100,12/24/20
TSEM,Tower Semiconductor,25.38,0.41,1.64%,25.3,25.6,25.13,298200,12/24/20
TSLA,Tesla Inc,661.77,15.79,2.44%,642.99,666.09,641,22865500,12/24/20
TTD,Trade Desk Inc,931.77,7.78,0.84%,930.1,943.44,929,318400,12/24/20
TTEC,Teletech Hlds,76.96,0.41,0.54%,76.47,76.96,75.91,36600,12/24/20
TTEK,Tetra Tech Inc,115.42,-0.02,-0.02%,115.66,115.89,114.38,80400,12/24/20
TTGT,Techtarget Inc,60.5,-0.64,-1.05%,61.62,61.95,60.3,104800,12/24/20
TTMI,TTM Technologies,13.71,0.11,0.81%,13.68,13.74,13.5,438700,12/24/20
TTWO,Take-Two Interacti,202.5,0.68,0.34%,202.47,204.44,201.49,211600,12/24/20
TVTX,Travere Therapeutics Inc,27.62,-0.25,-0.90%,27.86,28.12,27.42,132100,12/24/20
TW,Tradeweb Markets Inc,63.39,-1.59,-2.45%,64.83,65.85,63.24,551400,12/24/20
TWNK,Hostess Brands Inc,14.13,0.02,0.14%,14.09,14.16,14.06,331700,12/24/20
TWOU,2U Inc,41.99,-0.58,-1.36%,42.28,43,41.13,557800,12/24/20
TWST,Twist Bioscience Corp,164.04,-2.72,-1.63%,167.79,169.3,159.22,254500,12/24/20
TXG,10X Genomics Inc,151.33,2.38,1.60%,150.79,152.7,148.75,263500,12/24/20
TXN,Texas Instruments,161.64,0.66,0.41%,160.72,161.85,160.48,1044300,12/24/20
TXRH,Texas Roadhouse Inc,79.96,0.08,0.10%,80.34,80.61,79.54,171000,12/24/20
UAL,United Airlines Holdings Inc,43.26,-0.85,-1.93%,44.4,44.42,43.01,7230600,12/24/20
UBSI,United Bkshs Inc,31.88,0.12,0.38%,31.61,31.95,31.08,275500,12/24/20
UCBI,United Comm Banks,28.71,0.33,1.16%,28.62,28.71,28.3,219100,12/24/20
UEIC,Universal Elect IN,52.02,-0.27,-0.52%,52.43,52.87,51.5,36700,12/24/20
UFCS,United Fire Group,24.53,0.05,0.20%,25.01,25.01,24.21,58700,12/24/20
UFPI,Universal Forest Prd,56.41,0.58,1.04%,56,56.43,55.56,88200,12/24/20
UHAL,A M E R C O,447.89,-2.4,-0.53%,449.49,451.11,445.68,7400,12/24/20
UIHC,United Insurance Hld,6.08,0.52,9.35%,5.65,6.16,5.65,136000,12/24/20
ULH,Universal Logis Hld,20.72,-0.04,-0.19%,20.95,20.98,20.72,10300,12/24/20
ULTA,Ulta Beauty Inc,264.64,-3.82,-1.42%,267.33,268.39,263.93,271000,12/24/20
UMBF,Ump Financial Corp,69.15,-0.64,-0.92%,70,70,68.51,47200,12/24/20
UMPQ,Umpqua Holdings Corp,15.14,-0.05,-0.33%,15.25,15.3,14.83,525700,12/24/20
UNIT,Uniti Group Inc,11.59,-0.09,-0.77%,11.67,11.77,11.54,1367000,12/24/20
UPLD,Upland Software Inc,46.63,-0.37,-0.79%,47.31,47.66,46.49,64700,12/24/20
UPWK,Upwork Inc,37.8,-0.63,-1.64%,38.8,39.42,37.61,605400,12/24/20
URBN,Urban Outfitters Inc,26.76,-0.18,-0.67%,27.05,27.05,26.54,484900,12/24/20
UTHR,United Therapeutic,149.83,0.47,0.31%,150.23,151.44,149.52,116900,12/24/20
UVSP,Univest Corp of Penn,20.39,0.17,0.84%,20.09,20.41,19.55,62700,12/24/20
VBTX,Veritex Holdings,25.15,-0.04,-0.16%,25.35,25.36,24.79,146300,12/24/20
VC,Visteon Corp,125.89,-1.54,-1.21%,128.27,128.27,123.98,82100,12/24/20
VCYT,Veracyte Inc,55.8,-1.17,-2.05%,56.94,58.15,54.88,285500,12/24/20
VEON,Veon Ltd,1.61,-0.01,-0.62%,1.61,1.635,1.59,1196700,12/24/20
VG,Vonage Holdings,13.75,0.09,0.66%,13.68,13.88,13.59,2113200,12/24/20
VIAC,Viacomcbs Inc Cl B,35.99,0.04,0.11%,35.74,36.03,35.45,4720500,12/24/20
VIACA,Viacomcbs Inc Cl A,37.03,-0.05,-0.13%,36.91,37.11,36.42,17600,12/24/20
VIAV,Viavi Solutions,14.7,0.07,0.48%,14.7,14.73,14.57,1320100,12/24/20
VICR,Vicor Cp,93.88,-0.35,-0.37%,95.09,95.09,92.11,54100,12/24/20
VIE,Viela Bio Inc,36.52,-0.25,-0.68%,37.95,37.95,36.52,51200,12/24/20
VIR,Vir Biotechnology Inc,29.54,-1.85,-5.89%,30.78,31.5,29.14,317600,12/24/20
VIRT,Virtu Financial Cm A,25.05,-0.08,-0.32%,25.26,25.26,25,197600,12/24/20
VITL,Vital Farms Inc,26.66,-1.18,-4.24%,27.75,27.75,26.5,130500,12/24/20
VLDR,Velodyne Lidar Inc.,24.68,-1.82,-6.87%,26.05,26.32,23.7,6993800,12/24/20
VLY,Valley National Bancorp,9.71,-0.03,-0.31%,9.81,9.83,9.58,477200,12/24/20
VNET,21Vianet Group Inc,32.36,-0.25,-0.77%,32.19,32.98,31.64,577200,12/24/20
VOD,Vodafone Grp Plc Ads,16.71,0.07,0.42%,16.71,16.77,16.58,1064100,12/24/20
VRM,Vroom Inc,42.89,-0.67,-1.54%,42.96,43.8,42.37,1021800,12/24/20
VRNS,Varonis Systems Inc,170.09,-0.18,-0.11%,171.96,174.55,169.45,167700,12/24/20
VRNT,Verint Systems Inc,66.25,0.68,1.04%,65.97,66.35,65.04,178900,12/24/20
VRRM,Verra Mobility Corp,13.53,0.03,0.22%,13.59,13.74,13.47,348800,12/24/20
VRSK,Verisk Analytics Inc,201.23,1.26,0.63%,200.3,201.78,199.95,145000,12/24/20
VRSN,Verisign Inc,214.59,0.58,0.27%,215.23,215.23,213.13,139800,12/24/20
VRTU,Virtusa Corp,51.09,0.04,0.08%,51.21,51.22,51.02,246300,12/24/20
VRTX,Vertex Pharmaceutic,234.46,-1.38,-0.59%,237.17,237.5,233.48,451600,12/24/20
VSAT,Viasat Inc,33.43,-0.03,-0.09%,33.56,33.56,32.12,491500,12/24/20
VTRS,Viatris Inc,17.77,-0.11,-0.62%,17.8,17.92,17.67,1946600,12/24/20
WABC,Westamerica Bancorp,54.21,0.13,0.24%,54.4,54.4,53.22,44300,12/24/20
WAFD,Washington Federal,25.56,-0.14,-0.54%,25.9,25.9,25.22,104400,12/24/20
WASH,Washington TR Bncorp,44.3,-0.09,-0.20%,45.47,45.47,43.7,27000,12/24/20
WB,Weibo Corp Ads,44.31,-1.15,-2.53%,45.01,45.06,43.91,689600,12/24/20
WBA,Walgreens Boots Alliance,39.62,-0.25,-0.63%,39.95,40.04,39.08,2677900,12/24/20
WDAY,Workday Inc,248.76,0,0.00%,247.87,251.35,245.43,599900,12/24/20
WDC,Western Digital Cp,49.92,-0.01,-0.02%,50.31,50.38,49.35,1224500,12/24/20
WDFC,W D 40 Company,260.93,-0.62,-0.24%,260.4,262.49,260.18,34100,12/24/20
WEN,Wendys Company,22.45,0.22,0.99%,22.28,22.48,22.2,744200,12/24/20
WERN,Werner Enterprise,39.55,-0.11,-0.28%,39.79,39.79,39.33,177800,12/24/20
WING,Wingstop Inc,140.76,0.58,0.41%,140.38,142.45,139.47,162400,12/24/20
WIRE,Encore Wire Cp,57.16,0.5,0.88%,57.05,57.29,56.15,31600,12/24/20
WIX,Wix.com Ltd,267.1,-1.83,-0.68%,269,269.81,264.55,139000,12/24/20
WKHS,Workhorse Grp,22.97,0.24,1.08%,22.87,24.54,22.62,11611000,12/24/20
WLTW,Willis Towers WT,211.81,2.99,1.43%,208.41,212.1,208.38,293800,12/24/20
WMG,Warner Music Group Corp Cl A,37.45,-0.57,-1.50%,38.04,38.21,37.01,117200,12/24/20
WSBC,Wesbanco Inc,29.68,0.16,0.54%,30.15,30.15,29.05,108600,12/24/20
WSC,Willscot Corp,22.55,0.25,1.12%,22.33,22.6,22.28,226900,12/24/20
WSFS,WSFS Financial Corp,44.59,0.41,0.93%,44.37,44.59,43.69,215200,12/24/20
WTFC,Wintrust Finl Corp,61.92,-0.23,-0.37%,62.66,62.66,61.33,73800,12/24/20
WW,Weight Watchers International Inc,28.24,0.44,1.58%,27.74,28.41,27.06,476500,12/24/20
WWD,Woodward Inc,121,-0.48,-0.40%,121.48,122.38,118.14,73600,12/24/20
WYNN,Wynn Resorts Ltd,114.39,-0.91,-0.79%,114.41,115.45,113.61,850900,12/24/20
XCUR,Exicure Inc,1.93,-0.05,-2.53%,2,2.02,1.9,198000,12/24/20
XEL,XCEL Energy Inc,64.63,0.32,0.50%,64.38,64.75,64.04,598400,12/24/20
XLNX,Xilinx Inc,141.99,0,0.00%,143.14,143.56,141.44,1167500,12/24/20
XLRN,Acceleron Pharma,130.92,0.76,0.58%,131.03,131.36,129.14,72500,12/24/20
XNCR,Xencor Inc,46.08,-0.39,-0.84%,46.83,47.34,45.73,83600,12/24/20
XP,XP Inc Cl A,41.35,0.35,0.85%,41.05,41.67,40.79,216900,12/24/20
XPER,Xperi Holding Corp,20.8,0.11,0.53%,20.79,20.88,20.58,234400,12/24/20
XRAY,Dentsply Sirona Inc,51.82,0.21,0.41%,51.89,51.89,51.28,217600,12/24/20
YMAB,Y-Mabs Therapeutics Inc,53.5,-0.71,-1.31%,54.28,54.4,53.27,77600,12/24/20
YNDX,Yandex N.V.,67.65,-0.04,-0.06%,68.18,68.29,67.17,370600,12/24/20
YY,YY Inc,77.35,-0.43,-0.55%,77.6,77.8,75.53,811400,12/24/20
Z,Zillow Group Cl C,138.64,-2.59,-1.83%,141.58,143.1,138.35,839300,12/24/20
ZBRA,Zebra Technologies,376.89,-2.85,-0.75%,382.28,382.28,371.4,138200,12/24/20
ZG,Zillow Grp Inc Cl A,143.86,-2.08,-1.43%,146.62,148.13,143.38,207500,12/24/20
ZGNX,Zogenix Inc,20.18,0.31,1.56%,19.87,20.31,19.71,391300,12/24/20
ZI,Zoominfo Technologies Inc Cl A,44.84,-2.45,-5.18%,47.1,47.35,44.35,1487200,12/24/20
ZION,Zions Bancorp,43.34,-0.17,-0.39%,43.62,43.62,42.66,327600,12/24/20
ZLAB,Zai Lab Ltd,133.78,-0.79,-0.59%,134.55,135.6,132.18,82600,12/24/20
ZM,Zoom Video Communications Cl A,375.17,-8.71,-2.27%,383.88,384.88,375,3850700,12/24/20
ZNGA,Zynga Inc Cl A,9.91,-0.02,-0.20%,9.9,10,9.84,5187600,12/24/20
ZS,Zscaler Inc,205.27,-2.2,-1.06%,208,209.98,204,908800,12/24/20
